"p_val","avg_log2FC","pct.1","pct.2","p_val_adj","gene","cluster","significance"
0,2.40570967658032,0.966,0.436,0,"IFI27","2","Up in KO"
1.79261467523971e-241,1.76478428965817,0.936,0.556,5.3977420486143e-237,"B2M","2","Up in KO"
1.04475573325669e-204,3.84781674256913,0.592,0.071,3.14586398840921e-200,"BST2","2","Up in KO"
1.55778793005593e-196,1.66140634523307,0.933,0.532,4.6906552361914e-192,"MALAT1","2","Up in KO"
2.50889120312652e-182,-2.42896506076641,0.386,0.808,7.55452230173427e-178,"TUBA1A","2","Down in KO"
4.14360372172581e-180,1.48553833446496,0.903,0.533,1.24768051664886e-175,"IFITM3","2","Up in KO"
1.77899078988002e-165,1.61417781838036,0.79,0.366,5.35671916740773e-161,"PTGDS","2","Up in KO"
8.96935605640196e-165,0.900157491381279,0.992,0.942,2.70076280214319e-160,"RPLP1","2","Up in KO"
1.1087396380521e-153,1.83962049590634,0.764,0.337,3.33852592413867e-149,"ISG15","2","Up in KO"
3.51949075845727e-153,1.24270825570329,0.86,0.471,1.05975386227907e-148,"IFI6","2","Up in KO"
2.11579132900599e-150,2.86594310000254,0.557,0.115,6.37085927076994e-146,"IFITM1","2","Up in KO"
1.04567605828295e-138,-1.72724290078092,0.694,0.919,3.1486351790958e-134,"TMSB10","2","Down in KO"
4.60979656904646e-132,2.34162641329327,0.602,0.19,1.38805584490558e-127,"HLA-B","2","Up in KO"
2.07792618386856e-122,-3.25389021066379,0.065,0.402,6.25684353224664e-118,"TUBB2B","2","Down in KO"
1.31773616356278e-121,2.08578168998741,0.583,0.179,3.96783536210388e-117,"CRYAB","2","Up in KO"
8.15429907155018e-120,-3.44008825201588,0.054,0.379,2.45534099343447e-115,"TUBB2A","2","Down in KO"
1.28718237398441e-106,3.82599594804658,0.384,0.057,3.87583484630445e-102,"PLS3","2","Up in KO"
1.09767314743929e-105,-9.33890291590358,0.002,0.238,3.30520361425445e-101,"S100A6","2","Down in KO"
2.91886612765153e-105,-3.64973274157724,0.064,0.362,8.78899779697152e-101,"TUBB3","2","Down in KO"
4.58476314801302e-102,2.70111122123099,0.466,0.126,1.3805180314982e-97,"HLA-C","2","Up in KO"
1.27409590299844e-99,-4.62228057082435,0.018,0.267,3.8364301735186e-95,"STMN2","2","Down in KO"
5.81511271346996e-92,2.82770647086076,0.41,0.099,1.75098858915294e-87,"KRT18","2","Up in KO"
5.77807964872781e-91,-0.728558767554994,0.962,0.992,1.73983756302843e-86,"MT-CYB","2","Down in KO"
2.77330996278772e-89,1.28125746970956,0.695,0.374,8.35071362895011e-85,"APOE","2","Up in KO"
2.36295721903538e-88,-4.0565685273652,0.013,0.234,7.11510048223743e-84,"ZIC1","2","Down in KO"
4.76219761869969e-87,1.34019327450486,0.707,0.389,1.43394532496666e-82,"CLU","2","Up in KO"
1.79720031373144e-86,-2.29103305055238,0.153,0.452,5.41154986467674e-82,"JPT1","2","Down in KO"
1.02400506053885e-85,-0.983123420464205,0.996,1,3.08338163778853e-81,"TTR","2","Down in KO"
6.36163343384185e-85,0.62759777326238,0.974,0.912,1.91555144326412e-80,"RPS12","2","Up in KO"
3.71184252489709e-82,-0.806660525931989,0.868,0.952,1.11767290267176e-77,"MT-ND3","2","Down in KO"
1.22781697572641e-80,-3.37600243684232,0.036,0.266,3.69707969560979e-76,"TMSB15A","2","Down in KO"
1.78295098826527e-80,-2.0261427851295,0.353,0.622,5.36864372076555e-76,"STMN1","2","Down in KO"
2.94285176445272e-79,0.685757091161603,0.945,0.871,8.8612209479436e-75,"RPL28","2","Up in KO"
2.87630986754874e-76,2.87867980363002,0.346,0.078,8.66085664217602e-72,"CXCL14","2","Up in KO"
6.80898683046268e-73,-2.19900950177741,0.104,0.366,2.05025402452062e-68,"MARCKS","2","Down in KO"
7.64199692042703e-71,-2.45302070458485,0.079,0.32,2.30108169270978e-66,"MLLT11","2","Down in KO"
1.12318092796968e-70,-0.694354347623029,0.929,0.978,3.3820100922095e-66,"MT-ATP6","2","Down in KO"
1.31049202981431e-69,-0.533811711879679,0.997,0.999,3.94602255097388e-65,"MT-CO2","2","Down in KO"
9.80362885687719e-69,0.747367115027638,0.908,0.761,2.95197068509429e-64,"GSTP1","2","Up in KO"
1.54310350720301e-68,-0.805631664989663,0.721,0.877,4.64643897053899e-64,"ATP5F1E","2","Down in KO"
4.75565388192284e-68,-3.44585692589222,0.026,0.219,1.43197494038579e-63,"CD24","2","Down in KO"
2.08482406809635e-66,-2.24127464928062,0.163,0.416,6.27761375144492e-62,"SOX4","2","Down in KO"
3.09431479034665e-66,2.38083021433272,0.374,0.118,9.3172912652128e-62,"HLA-A","2","Up in KO"
6.24138321140605e-66,0.756544599991614,0.893,0.784,1.87934289878648e-61,"RPL12","2","Up in KO"
1.23364022319205e-65,-5.52754706635004,0.005,0.163,3.71461407605358e-61,"NEFL","2","Down in KO"
1.90157942872802e-65,2.87843101670918,0.305,0.066,5.72584581784295e-61,"WIF1","2","Up in KO"
7.56375676791005e-64,-1.68241988448704,0.238,0.503,2.27752280038539e-59,"MARCKSL1","2","Down in KO"
3.43723437991614e-62,0.535476899610095,0.955,0.911,1.03498564413655e-57,"RPS24","2","Up in KO"
4.0861664384656e-61,0.635705788313881,0.917,0.849,1.23038557628638e-56,"RPL13","2","Up in KO"
9.55609068128921e-61,3.01347097736357,0.282,0.06,2.87743446504299e-56,"IFIT3","2","Up in KO"
1.01462649375799e-60,-4.16684440648322,0.01,0.167,3.05514183535467e-56,"TAGLN3","2","Down in KO"
1.05758455001869e-60,-3.34711434386855,0.028,0.206,3.18449283856127e-56,"TCF7L2","2","Down in KO"
7.41888974625418e-60,-1.97307362666449,0.077,0.298,2.2339018914946e-55,"FEZ1","2","Down in KO"
7.4685369409999e-59,1.82502810103788,0.391,0.14,2.24885115830448e-54,"IFIT1","2","Up in KO"
2.27401977942899e-58,-3.28719554186124,0.022,0.189,6.84730095783864e-54,"GNG3","2","Down in KO"
7.28153389147787e-58,-2.10523645704607,0.126,0.359,2.1925426700629e-53,"MAP1B","2","Down in KO"
5.3914079516174e-57,2.65701707469266,0.278,0.063,1.62340684831151e-52,"IFI44L","2","Up in KO"
8.91612591742469e-56,1.37234131930746,0.516,0.26,2.68473467499575e-51,"ID1","2","Up in KO"
4.1021875778451e-55,-1.11497850387978,0.383,0.631,1.23520970156494e-50,"RPS10","2","Down in KO"
1.96487208742388e-53,4.70042489467232,0.183,0.013,5.91642634244205e-49,"IGFBP3","2","Up in KO"
4.68781626137395e-53,2.19614951782255,0.338,0.117,1.41154835446231e-48,"LY6E","2","Up in KO"
1.24002142596692e-52,-1.83189861132551,0.152,0.379,3.73382851572899e-48,"CKB","2","Down in KO"
3.92513131219886e-52,-0.90456658916974,0.489,0.711,1.1818962894162e-47,"ATP5MC3","2","Down in KO"
1.73092403306429e-51,-5.63154126237483,0.004,0.129,5.2119853559599e-47,"ECRG4","2","Down in KO"
8.19044964496241e-50,4.97919113738134,0.162,0.007,2.46622629259463e-45,"EMX2","2","Up in KO"
1.18249482045029e-48,-0.488363720819716,0.985,0.994,3.56061015385788e-44,"MT-CO3","2","NS"
2.49553529264351e-47,3.29093608744322,0.205,0.033,7.51430631967888e-43,"IGFBP5","2","Up in KO"
4.89138256826563e-47,-1.99335980143295,0.119,0.321,1.47284420513046e-42,"FABP7","2","Down in KO"
6.55880663950602e-47,-2.34675732187435,0.055,0.225,1.97492226722166e-42,"GAP43","2","Down in KO"
9.65270098041076e-46,-6.8975392818552,0.001,0.107,2.90652479221148e-41,"CLEC11A","2","Down in KO"
1.35617287913319e-45,-3.65784290345875,0.022,0.158,4.08357215635794e-41,"RTN1","2","Down in KO"
1.85745410902451e-45,4.73331551434819,0.15,0.007,5.5929800676837e-41,"RSPO3","2","Up in KO"
2.26832753076085e-45,3.55095521330891,0.199,0.034,6.830161027874e-41,"HDAC9","2","Up in KO"
4.6031739736654e-45,-3.99113665769555,0.009,0.129,1.38606171521039e-40,"STMN4","2","Down in KO"
7.55763298602389e-45,0.442343173376338,0.949,0.889,2.27567886842165e-40,"RPL11","2","NS"
7.63384064202704e-45,1.85324597495576,0.335,0.128,2.29862575572076e-40,"IFITM2","2","Up in KO"
9.47972778560824e-43,-0.932430837917845,0.482,0.691,2.8544408335245e-38,"SUMO2","2","Down in KO"
1.56959441787366e-42,-1.16208270744092,0.288,0.508,4.72620575165939e-38,"PPDPF","2","Down in KO"
1.79654884793245e-42,-2.4880657590392,0.036,0.181,5.40958823600939e-38,"SOX11","2","Down in KO"
2.57348275214589e-42,0.438655146957132,0.956,0.893,7.74901391498649e-38,"RPS23","2","NS"
3.12916772990083e-42,-0.821261149219479,0.538,0.719,9.42223695150439e-38,"COX7A2","2","Down in KO"
3.37881768676224e-42,2.45763349196418,0.251,0.074,1.01739579366098e-37,"CEBPD","2","Up in KO"
4.57714468914605e-42,-1.3495792218841,0.162,0.372,1.37822403734877e-37,"CTNNB1","2","Down in KO"
5.63560631317024e-42,1.45326949994651,0.442,0.23,1.69693741695869e-37,"MT2A","2","Up in KO"
1.70414928707066e-41,2.71476149385984,0.229,0.06,5.13136391829846e-37,"BAMBI","2","Up in KO"
1.95715764684097e-41,0.908164484786183,0.627,0.415,5.89319739040283e-37,"ID3","2","Up in KO"
4.86337012342082e-41,-0.713725023826793,0.656,0.821,1.46440937786324e-36,"MT-ND2","2","Down in KO"
8.5024849828122e-41,2.40856061998962,0.232,0.062,2.56018325317458e-36,"PLSCR1","2","Up in KO"
2.23688037922383e-40,4.89602087922375,0.131,0.005,6.73547050988088e-36,"HIST1H1E","2","Up in KO"
3.31010479876934e-40,-3.27221305712183,0.016,0.133,9.96705655957435e-36,"LINC02609","2","Down in KO"
4.20291845162484e-39,-1.55423586197497,0.161,0.355,1.26554077496876e-34,"BEX1","2","Down in KO"
4.32071264301619e-39,-3.91159556268694,0.009,0.114,1.30100978393861e-34,"DPYSL3","2","Down in KO"
3.1038329522214e-38,-0.390429866128636,0.992,0.997,9.34595140243385e-34,"MT-CO1","2","NS"
1.1013203061406e-37,0.66880993527236,0.588,0.355,3.31618557381996e-33,"PCP4","2","Up in KO"
1.1808903961826e-37,-1.06340132217402,0.288,0.505,3.55577907194544e-33,"YWHAQ","2","Down in KO"
1.24192376806355e-37,0.434205673125666,0.93,0.893,3.73955665801615e-33,"RPS8","2","NS"
1.84227832624946e-37,2.43798123787953,0.201,0.048,5.54728426816975e-33,"PSMB9","2","Up in KO"
1.86976981374368e-37,-3.31024768528857,0.01,0.114,5.63006388616358e-33,"PANTR1","2","Down in KO"
7.83877463070417e-37,3.12660181931441,0.176,0.035,2.36033342905133e-32,"SYNE2","2","Up in KO"
7.74810848432545e-36,2.48042714839677,0.226,0.07,2.33303294571524e-31,"IER3","2","Up in KO"
1.88105693505188e-35,-3.21780265981435,0.014,0.118,5.66405053713473e-31,"DNER","2","Down in KO"
4.99795347343126e-35,-2.08376729629812,0.086,0.243,1.50493377038489e-30,"DLK1","2","Down in KO"
5.95194987478036e-35,2.61735124470414,0.207,0.058,1.79219162679511e-30,"STAT1","2","Up in KO"
8.0989181130547e-35,0.431698880195961,0.925,0.858,2.4386652330219e-30,"RPS14","2","NS"
1.38929893799209e-34,1.72914728971073,0.328,0.154,4.18331803218799e-30,"PDIA3","2","Up in KO"
2.05521668121211e-34,2.0060079448506,0.226,0.07,6.18846294879778e-30,"MX1","2","Up in KO"
6.70783936210753e-34,-0.979904759164306,0.349,0.539,2.0197975103242e-29,"COPS9","2","Down in KO"
1.17744223054908e-33,2.58580098978822,0.181,0.042,3.54539630040634e-29,"OAS1","2","Up in KO"
2.51587942843243e-33,-0.947465669429115,0.326,0.526,7.57556454695288e-29,"NDUFB1","2","Down in KO"
3.41689736083526e-33,-3.31898551532962,0.011,0.107,1.0288619643211e-28,"NSG1","2","Down in KO"
4.33618529444948e-33,-1.97145701610209,0.085,0.237,1.30566875401168e-28,"PTN","2","Down in KO"
5.66483176243633e-33,2.44274324225886,0.2,0.057,1.7057374919872e-28,"EIF2AK2","2","Up in KO"
6.07870056468487e-33,0.468828143658988,0.885,0.82,1.83035752703226e-28,"RPS2","2","NS"
6.17478692789824e-33,-0.667588359966394,0.859,0.913,1.85929009185944e-28,"RPL37A","2","Down in KO"
6.45697731228887e-33,-1.68481125236262,0.057,0.195,1.9442604385033e-28,"GPM6B","2","Down in KO"
3.81495494066661e-32,2.70495576508423,0.183,0.048,1.14872108218412e-27,"ZFYVE16","2","Up in KO"
7.89916233825493e-32,0.363586631306617,0.934,0.896,2.37851677167194e-27,"RPS15","2","NS"
9.15258788574673e-32,1.57257351626366,0.314,0.152,2.7559357382772e-27,"HSP90B1","2","Up in KO"
1.98691956127053e-31,-2.94812231105555,0.034,0.147,5.98281349094168e-27,"FHIT","2","Down in KO"
2.16836427992942e-31,-2.46921303988561,0.021,0.124,6.52916168329548e-27,"TTTY14","2","Down in KO"
3.13804694762352e-31,1.90571815914142,0.234,0.084,9.44897316398917e-27,"CCN2","2","Up in KO"
6.26860577032484e-31,1.83402637627211,0.26,0.106,1.88753988350251e-26,"FAM89A","2","Up in KO"
6.98529064541569e-31,-0.685541927025048,0.803,0.882,2.10334086624112e-26,"ACTB","2","Down in KO"
7.16800156937486e-31,-1.30833836675332,0.151,0.318,2.15835695255447e-26,"UBE2E3","2","Down in KO"
9.91988124990188e-31,-1.33672462616622,0.335,0.503,2.98697544315795e-26,"BASP1","2","Down in KO"
1.24312611724497e-30,-2.87519393644722,0.014,0.107,3.74317705163633e-26,"AC004540.2","2","Down in KO"
1.30046547449584e-30,0.477764387305761,0.849,0.783,3.91583159025442e-26,"RPL29","2","NS"
3.93838627612745e-30,-0.880851086213973,0.363,0.541,1.18588749160474e-25,"SELENOW","2","Down in KO"
9.55120244889241e-30,-1.08509280713227,0.183,0.361,2.87596256938599e-25,"ARPC2","2","Down in KO"
1.63768021667255e-29,-1.85630256569672,0.061,0.189,4.93121890042271e-25,"YWHAH","2","Down in KO"
1.81110684763457e-29,-0.673122317104146,0.547,0.712,5.45342382891246e-25,"DYNLL1","2","Down in KO"
1.97004907257315e-29,-1.41169413668043,0.088,0.233,5.932014762425e-25,"COPS8","2","Down in KO"
3.7066750174224e-29,0.39527427270412,0.891,0.836,1.11611691449606e-24,"RPS18","2","NS"
5.81385728530743e-29,-2.68314395073731,0.015,0.105,1.75061056717892e-24,"CDKN2D","2","Down in KO"
1.54907249718762e-28,-0.964858904990952,0.274,0.462,4.66441219628163e-24,"NDUFB3","2","Down in KO"
1.69658552729805e-28,-0.676259487807965,0.499,0.667,5.10858868124716e-24,"COX6A1","2","Down in KO"
2.65265026712221e-28,-1.13285177618007,0.199,0.369,7.98739521933167e-24,"CYCS","2","Down in KO"
2.76656866812406e-28,-0.682802230571292,0.474,0.653,8.33041491658836e-24,"HSPE1","2","Down in KO"
3.22965341906465e-28,-1.90133927021944,0.045,0.16,9.72480941014556e-24,"CNIH2","2","Down in KO"
4.43591948033715e-28,-1.33432379670062,0.135,0.289,1.33569971472432e-23,"OLA1","2","Down in KO"
4.87097127889916e-28,0.354743852888878,0.94,0.893,1.46669816178933e-23,"RPS27","2","NS"
5.27967129344556e-28,0.35887149503545,0.933,0.883,1.58976182316939e-23,"RPS15A","2","NS"
6.14877592921547e-28,1.63198219332066,0.307,0.157,1.85145792004607e-23,"HSPA5","2","Up in KO"
7.45952009384607e-28,3.60042153158518,0.129,0.023,2.24613609545799e-23,"HERC5","2","Up in KO"
8.4411275283719e-28,1.75125525303558,0.24,0.097,2.54170791006806e-23,"PHLDA1","2","Up in KO"
8.45967316262503e-28,-1.92418884766382,0.032,0.135,2.54729218599802e-23,"AP1S2","2","Down in KO"
8.83861824419285e-28,-0.848023847365682,0.318,0.51,2.66139633950891e-23,"TUBA1B","2","Down in KO"
1.96947178871749e-27,-2.44124538942316,0.019,0.109,5.93027650300725e-23,"CRIP1","2","Down in KO"
2.34969012146943e-27,-0.399318631417078,0.938,0.965,7.07515192475661e-23,"MT-ND4","2","NS"
2.60534313212273e-27,-2.64954871309159,0.018,0.107,7.84494870513474e-23,"CRMP1","2","Down in KO"
3.00116628444341e-27,-1.04664655457249,0.215,0.387,9.03681179908755e-23,"FABP5","2","Down in KO"
3.47111812524335e-27,-1.18476934790701,0.136,0.292,1.04518837869203e-22,"TBCB","2","Down in KO"
4.16827564852801e-27,3.53937262797625,0.139,0.03,1.25510948052827e-22,"VEGFA","2","Up in KO"
5.1847412859375e-27,-0.606729858430167,0.715,0.822,1.56117744860864e-22,"H3F3A","2","Down in KO"
5.32931085423991e-27,1.60182657337017,0.258,0.112,1.60470879132018e-22,"ECEL1","2","Up in KO"
8.78511340057711e-27,-2.13418030680048,0.03,0.129,2.64528549604777e-22,"GDI1","2","Down in KO"
9.0445201510981e-27,-1.92340681898827,0.035,0.138,2.72339546269715e-22,"KIF5C","2","Down in KO"
1.17419326518462e-26,-0.576500762110372,0.693,0.809,3.53561334079742e-22,"COX7C","2","Down in KO"
2.04073453459618e-26,2.22201533308897,0.165,0.047,6.14485575712256e-22,"HSD17B2","2","Up in KO"
2.72127175492538e-26,1.31939819589301,0.373,0.222,8.19402138125581e-22,"SPATS2L","2","Up in KO"
2.83906128283895e-26,-1.21040416734297,0.188,0.348,8.54869742875635e-22,"UCHL1","2","Down in KO"
3.72931498131573e-26,1.20904709646572,0.345,0.188,1.12293403402398e-21,"RARRES2","2","Up in KO"
8.65127962777404e-26,-1.25108839928109,0.114,0.256,2.60498680871904e-21,"VBP1","2","Down in KO"
1.76496309709174e-25,0.688899840650874,0.64,0.529,5.31448038165295e-21,"NPM1","2","Up in KO"
7.09651862497661e-25,0.5943255470078,0.676,0.564,2.13683272316671e-20,"HSP90AB1","2","Up in KO"
8.16263048754899e-25,0.790056582617708,0.528,0.377,2.45784966610588e-20,"ITM2B","2","Up in KO"
1.00366861638223e-24,1.81090770101479,0.234,0.103,3.02214657078855e-20,"KTN1","2","Up in KO"
1.27341739293993e-24,-0.913869906394578,0.235,0.399,3.83438711188143e-20,"COX17","2","Down in KO"
1.55098282983922e-24,-1.30020275367148,0.088,0.216,4.67016439892888e-20,"COTL1","2","Down in KO"
2.04872710198141e-24,0.316565159896112,0.945,0.922,6.16892217677623e-20,"RPL32","2","NS"
2.21382410431197e-24,-0.913008826989618,0.252,0.42,6.66604576049376e-20,"GABARAPL2","2","Down in KO"
2.43859859322665e-24,-0.798271748887713,0.335,0.508,7.34286422406476e-20,"CFL1","2","Down in KO"
2.7150347671888e-24,0.414167297927983,0.811,0.741,8.17524118748219e-20,"RPL14","2","NS"
3.44424746864996e-24,-1.32275654544539,0.044,0.149,1.03709735528519e-19,"BAALC","2","Down in KO"
6.95280889595995e-24,-0.644570542914352,0.47,0.624,2.0935602866625e-19,"COX7B","2","Down in KO"
9.44000222714241e-24,-0.755640700981907,0.405,0.57,2.84247907061485e-19,"ATP5MPL","2","Down in KO"
1.2897459021279e-23,-0.686008060008902,0.44,0.601,3.88355388589732e-19,"ATP5ME","2","Down in KO"
1.33657721412686e-23,3.71760426089598,0.108,0.019,4.02456764945739e-19,"PRTG","2","Up in KO"
2.29662347305899e-23,-0.58406619455182,0.539,0.69,6.91536293972792e-19,"COX6C","2","Down in KO"
2.55484140701543e-23,0.378732791767609,0.88,0.825,7.69288296066417e-19,"RPL18A","2","NS"
2.72554474423017e-23,0.815180396062546,0.52,0.383,8.20688777935145e-19,"ENO1","2","Up in KO"
3.25035397418369e-23,-1.67235473963721,0.044,0.144,9.78714085166452e-19,"GSTA4","2","Down in KO"
8.44239629457654e-23,-1.31362552661732,0.073,0.189,2.54208994825994e-18,"CSRP2","2","Down in KO"
1.03433304812215e-22,1.12669800999674,0.373,0.235,3.1144802412006e-18,"PPIB","2","Up in KO"
1.28754689802922e-22,1.97160618085442,0.17,0.058,3.87693246465579e-18,"PSMB8","2","Up in KO"
1.84949161841216e-22,2.63609133391527,0.139,0.039,5.56900421220087e-18,"GPNMB","2","Up in KO"
2.71637301022003e-22,-0.8787779964185,0.165,0.312,8.17927077107353e-18,"ELOC","2","Down in KO"
2.90848090608266e-22,0.534855962782039,0.694,0.579,8.75772685630551e-18,"RACK1","2","Up in KO"
2.961858976288e-22,0.329486336485042,0.92,0.865,8.91845356350078e-18,"RPL19","2","NS"
3.32415190716789e-22,0.301628339185695,0.917,0.869,1.00093538076732e-17,"RPL35A","2","NS"
3.85732932867408e-22,-1.29485051558821,0.092,0.214,1.16148043415705e-17,"DYNC1I2","2","Down in KO"
6.1591325239636e-22,-1.33521627687646,0.06,0.167,1.85457639429068e-17,"SVBP","2","Down in KO"
7.53129983171809e-22,0.350260101957575,0.885,0.857,2.26774969232863e-17,"RPL26","2","NS"
8.68591668373197e-22,-0.923785864157509,0.224,0.372,2.61541637263853e-17,"KRT10","2","Down in KO"
9.10601374827208e-22,-0.67050947611645,0.362,0.526,2.74191179974221e-17,"ERH","2","Down in KO"
9.68258127777167e-22,0.28812680683237,0.961,0.94,2.91552204854983e-17,"RPL39","2","NS"
1.06808194107416e-21,-1.05855928337292,0.138,0.274,3.21610153276841e-17,"CALM3","2","Down in KO"
1.08037383993034e-21,-0.634025541333799,0.415,0.584,3.25311366941426e-17,"COX5B","2","Down in KO"
1.38078331361004e-21,-1.74392074623057,0.024,0.104,4.1576766356112e-17,"TSTD1","2","Down in KO"
1.39088098093242e-21,-0.518528097510619,0.542,0.698,4.18808172168561e-17,"GABARAP","2","Down in KO"
2.04993533078867e-21,-2.13038766881794,0.038,0.127,6.17256027453777e-17,"NEFM","2","Down in KO"
2.67045736388087e-21,1.26699371687019,0.342,0.21,8.04101416838169e-17,"CALR","2","Up in KO"
2.84919099540996e-21,2.78537601723512,0.125,0.032,8.57919900627892e-17,"CFI","2","Up in KO"
3.48697481086574e-21,-1.87065041504186,0.027,0.109,1.04996298529978e-16,"CHN1","2","Down in KO"
4.02375515392636e-21,2.14090392369068,0.162,0.057,1.21159291439877e-16,"NUPR1","2","Up in KO"
4.02686435572409e-21,-0.88243081476716,0.156,0.297,1.21252912615208e-16,"POLR2K","2","Down in KO"
5.86627136539072e-21,3.10694059232799,0.101,0.019,1.7663929708328e-16,"RSPO2","2","Up in KO"
8.72156261641408e-21,-0.622354521636677,0.431,0.582,2.62614971942844e-16,"YWHAE","2","Down in KO"
9.3660507360116e-21,3.00505711239773,0.1,0.019,2.82021153712045e-16,"DIO3","2","Up in KO"
2.05754099167863e-20,-0.855294731769739,0.311,0.461,6.19546168004352e-16,"CCNI","2","Down in KO"
3.51988818400773e-20,-0.736780646245957,0.292,0.451,1.05987353108657e-15,"DYNLT1","2","Down in KO"
4.30495988847401e-20,1.0590100275448,0.336,0.206,1.29626647201841e-15,"TPM1","2","Up in KO"
5.00070406597776e-20,0.674311494094841,0.527,0.387,1.50576200130656e-15,"PKM","2","Up in KO"
1.03922150357558e-19,2.81527683011702,0.134,0.042,3.12919986941643e-15,"HLA-E","2","Up in KO"
1.10769133568436e-19,-0.623253888685182,0.335,0.499,3.33536938087918e-15,"SRP9","2","Down in KO"
1.7920214068361e-19,-0.755553984810471,0.256,0.408,5.39595565812418e-15,"SUMO1","2","Down in KO"
1.86178411733275e-19,-0.818690415437818,0.395,0.531,5.60601815570066e-15,"C4orf48","2","Down in KO"
2.26654612120014e-19,0.363182067754269,0.859,0.811,6.82479702554574e-15,"RPS4X","2","NS"
2.28052659142921e-19,-1.26462012950562,0.085,0.194,6.86689361945251e-15,"TCEAL7","2","Down in KO"
3.01980564751167e-19,-1.58755195821238,0.03,0.109,9.09293678522237e-15,"AC012146.1","2","Down in KO"
3.38169890712186e-19,-0.988743973111609,0.129,0.255,1.01826335792346e-14,"HNRNPH1","2","Down in KO"
3.94303785849269e-19,0.429157509342649,0.746,0.667,1.18728812957073e-14,"RPS5","2","NS"
5.90853059599607e-19,0.321826503825055,0.834,0.775,1.77911764776038e-14,"RPS19","2","NS"
8.33465920924744e-19,-0.67058196723316,0.394,0.544,2.5096492344965e-14,"CALM1","2","Down in KO"
9.24093558110785e-19,-0.514591636713067,0.487,0.634,2.78253811282739e-14,"ATP5PF","2","Down in KO"
1.0205061623626e-18,-1.91849934819401,0.038,0.12,3.07284610549003e-14,"RND3","2","Down in KO"
1.4561824804334e-18,2.43556935918024,0.126,0.039,4.38471106683301e-14,"PALMD","2","Up in KO"
2.79856252615483e-18,1.65298241267968,0.199,0.093,8.42675162250482e-14,"CALD1","2","Up in KO"
4.26401398172307e-18,0.31102543769412,0.885,0.851,1.28393725003663e-13,"RPL7A","2","NS"
4.31944799746422e-18,2.50556322103853,0.104,0.026,1.30062898651645e-13,"PRSS56","2","Up in KO"
4.34452174459595e-18,-0.856589601437464,0.197,0.331,1.30817894251529e-13,"PFDN2","2","Down in KO"
4.48239240172175e-18,0.429925848272108,0.705,0.626,1.34969317608244e-13,"RPS9","2","NS"
4.73605438053928e-18,-0.611641344846691,0.381,0.528,1.42607333452418e-13,"TXN","2","Down in KO"
5.04684520192664e-18,2.63284190920572,0.107,0.028,1.51965555875213e-13,"IFIT2","2","Up in KO"
5.39536417563402e-18,-0.962504450130775,0.087,0.195,1.62459810692516e-13,"MGST1","2","Down in KO"
8.45008748677068e-18,-1.28541115055095,0.057,0.148,2.54440584314152e-13,"SNHG9","2","Down in KO"
9.4914462212773e-18,2.91022025834507,0.108,0.03,2.85796937168881e-13,"C1R","2","Up in KO"
1.30561861828265e-17,0.590679864876082,0.518,0.39,3.93134822151089e-13,"RPS4Y1","2","Up in KO"
1.735144729214e-17,0.304799686097353,0.898,0.858,5.22469429413628e-13,"RPL36","2","NS"
1.83079558640097e-17,2.37959118818792,0.108,0.03,5.51270859021197e-13,"NFIX","2","Up in KO"
2.00380420973138e-17,-0.848223653652764,0.163,0.289,6.03365485592217e-13,"FKBP1A","2","Down in KO"
2.3339903720972e-17,1.19828513520267,0.267,0.15,7.02787840942188e-13,"PSAP","2","Up in KO"
2.40678050404731e-17,-1.08080625953212,0.077,0.176,7.24705677573687e-13,"VAMP2","2","Down in KO"
3.23609288428163e-17,1.95586340760277,0.158,0.065,9.74419928386042e-13,"ZFP36L2","2","Up in KO"
4.19495618548501e-17,-1.64252620539553,0.061,0.149,1.26314325701139e-12,"NSMCE2","2","Down in KO"
4.28066023330635e-17,0.32920017241538,0.868,0.809,1.28894960285088e-12,"RPL18","2","NS"
5.21843930342627e-17,-0.515452415619108,0.53,0.654,1.57132425865468e-12,"ATP5MG","2","Down in KO"
7.44278675664784e-17,1.3810050994121,0.229,0.121,2.24109752029423e-12,"BTG1","2","Up in KO"
8.4092437970923e-17,-1.34462308056143,0.137,0.246,2.53210739974246e-12,"C1orf194","2","Down in KO"
1.09041248777326e-16,-0.642684788498234,0.19,0.325,3.28334104193406e-12,"PET100","2","Down in KO"
1.35860134512593e-16,0.305877288809576,0.896,0.871,4.09088451030868e-12,"MIF","2","NS"
1.88824793575356e-16,-0.746945273598826,0.213,0.342,5.68570335934755e-12,"SLC25A5","2","Down in KO"
2.17099272240574e-16,-0.549297486812461,0.463,0.603,6.53707618643593e-12,"COX8A","2","Down in KO"
2.64191434367267e-16,-0.731728113270453,0.202,0.332,7.95506828023278e-12,"NDUFB9","2","Down in KO"
3.62615083268121e-16,-1.17364955681229,0.045,0.125,1.09187027722864e-11,"LYRM4","2","Down in KO"
5.76094217140576e-16,1.34668830379603,0.251,0.145,1.73467729723199e-11,"PSME1","2","Up in KO"
7.67573509859551e-16,0.413354960297946,0.362,0.23,2.31124059553809e-11,"NDUFA4L2","2","NS"
7.71741078439464e-16,1.34289568851226,0.227,0.123,2.32378956128907e-11,"FOS","2","Up in KO"
8.72281487293266e-16,-0.96260855380561,0.091,0.19,2.62652678638875e-11,"MOB4","2","Down in KO"
9.18183223460696e-16,-0.823315393022473,0.133,0.246,2.7647415041625e-11,"ETFB","2","Down in KO"
1.0304341279087e-15,-1.06353139690089,0.067,0.156,3.10274020254587e-11,"RTL8C","2","Down in KO"
1.13293979127588e-15,-0.923067843285491,0.183,0.302,3.41139500551082e-11,"PPP1R14B","2","Down in KO"
1.22522586567384e-15,-0.618173913741114,0.393,0.528,3.68927760413049e-11,"HSPA8","2","Down in KO"
1.72995059142927e-15,-0.686135770158706,0.224,0.355,5.20905422585268e-11,"DYNLRB1","2","Down in KO"
2.02776132284718e-15,-1.25458099889717,0.102,0.198,6.10579211922513e-11,"PAFAH1B3","2","Down in KO"
2.0955229616408e-15,-0.932208704988946,0.104,0.206,6.3098291897966e-11,"GNAI2","2","Down in KO"
2.10133112420332e-15,-1.54691418763241,0.041,0.114,6.32731814808862e-11,"IDH1","2","Down in KO"
2.57211998152005e-15,2.20669737036578,0.114,0.039,7.74491047635501e-11,"IFI35","2","Up in KO"
2.79151287251461e-15,1.9294476863006,0.144,0.06,8.40552441042873e-11,"ZNF106","2","Up in KO"
3.36825910251168e-15,-1.42400304690831,0.076,0.164,1.01421649835729e-10,"C9orf24","2","Down in KO"
3.37495053471872e-15,-1.32868631979305,0.062,0.145,1.01623135550915e-10,"LGALS3","2","Down in KO"
4.37949088914121e-15,-0.364770202620711,0.737,0.819,1.31870850162931e-10,"MYL6","2","NS"
4.55466873318473e-15,-0.885290749971913,0.091,0.188,1.37145630224925e-10,"UBE2N","2","Down in KO"
5.58240953485148e-15,-0.855342868962988,0.074,0.164,1.68091933503913e-10,"PTS","2","Down in KO"
5.96612467080804e-15,-1.24686399150724,0.04,0.112,1.79645979962701e-10,"FRG1","2","Down in KO"
7.1524928652071e-15,-0.822549551648231,0.142,0.253,2.15368712664251e-10,"UBE2V2","2","Down in KO"
8.39569198445969e-15,1.46316855551717,0.181,0.089,2.52802681344066e-10,"MT-ND6","2","Up in KO"
8.5481701226828e-15,1.59126716157014,0.143,0.059,2.57393950564102e-10,"PLAAT4","2","Up in KO"
1.13898802185627e-14,-1.35176212009085,0.042,0.114,3.42960683261143e-10,"APOO","2","Down in KO"
1.27087206899755e-14,-0.848757111832027,0.12,0.224,3.82672288695852e-10,"TPGS2","2","Down in KO"
1.4192910316797e-14,-0.385160158950445,0.718,0.796,4.27362722549073e-10,"SRP14","2","NS"
1.49630869031474e-14,-0.982563651122357,0.065,0.149,4.50553509740673e-10,"EIF4E","2","Down in KO"
1.60911197065473e-14,0.842639952725686,0.375,0.269,4.84519705483845e-10,"TMBIM6","2","Up in KO"
1.80151881396142e-14,-1.22210618050426,0.041,0.112,5.42455330071922e-10,"KPNA2","2","Down in KO"
1.87992037800118e-14,-0.598351491993228,0.292,0.428,5.66062825019937e-10,"SH3BGRL3","2","Down in KO"
2.02242924037046e-14,1.70311432652186,0.159,0.073,6.0897366856795e-10,"LGALS3BP","2","Up in KO"
2.14055850017066e-14,-0.596168807180824,0.382,0.505,6.44543569986387e-10,"NDUFA1","2","Down in KO"
2.18223432193231e-14,-0.576852528324004,0.292,0.428,6.57092576677038e-10,"RBX1","2","Down in KO"
2.29956662107537e-14,-0.778651613361463,0.15,0.259,6.92422505272004e-10,"TOMM22","2","Down in KO"
2.31908713273115e-14,-1.44098957577074,0.046,0.119,6.98300326536675e-10,"KLC1","2","Down in KO"
2.56275194476792e-14,-0.795691167134821,0.15,0.261,7.71670238089069e-10,"STRAP","2","Down in KO"
2.60101449751041e-14,-1.44367418444757,0.04,0.109,7.83191475345358e-10,"ZBED5-AS1","2","Down in KO"
2.60918104949315e-14,-0.62795149462754,0.225,0.352,7.85650505812882e-10,"EIF5A","2","Down in KO"
2.61920413082755e-14,-1.12388230255308,0.065,0.148,7.88668555833483e-10,"HRAS","2","Down in KO"
2.6544805998163e-14,-0.597948601719156,0.317,0.449,7.99290653410685e-10,"SNRPG","2","Down in KO"
2.68684254901414e-14,1.0567342283697,0.3,0.197,8.09035159933649e-10,"COPRS","2","Up in KO"
3.03502958197691e-14,-0.933099995112125,0.064,0.146,9.13877757429068e-10,"ZSCAN16-AS1","2","Down in KO"
3.17745394484141e-14,1.28774585936156,0.229,0.132,9.56763157331197e-10,"PDIA6","2","Up in KO"
3.50506006812892e-14,-0.982168661072548,0.113,0.211,1.0554086371143e-09,"XRCC5","2","Down in KO"
3.56185309887612e-14,-0.903134985909513,0.064,0.146,1.07250958660259e-09,"IAH1","2","Down in KO"
3.8235544801252e-14,-1.10282526321396,0.056,0.134,1.1513104895105e-09,"CPE","2","Down in KO"
4.96873915862859e-14,-0.483060731872829,0.478,0.6,1.49613704805466e-09,"ATP5MD","2","NS"
5.35422352065783e-14,-0.701377418817463,0.156,0.266,1.61221024430528e-09,"TRAPPC1","2","Down in KO"
6.37438879096472e-14,-1.03496832867593,0.063,0.144,1.91939220884739e-09,"BCKDHB","2","Down in KO"
6.67987887137207e-14,-1.54939512357831,0.041,0.109,2.01137832695884e-09,"PDCL3","2","Down in KO"
7.39291080446916e-14,-0.771907876795461,0.107,0.205,2.22607937233371e-09,"FKBP3","2","Down in KO"
7.48209699574339e-14,2.12568659815688,0.104,0.035,2.25293422638829e-09,"STAG2","2","Up in KO"
7.50170239351649e-14,-0.901591657373618,0.098,0.192,2.25883760771175e-09,"NREP","2","Down in KO"
1.36625243226909e-13,-0.80791403065675,0.092,0.183,4.11392269880547e-09,"ATP6V0D1","2","Down in KO"
1.37908999186039e-13,-0.885979386276291,0.112,0.208,4.15257787449082e-09,"VDAC3","2","Down in KO"
1.43554912594693e-13,-0.957284406492067,0.082,0.168,4.3225819731388e-09,"HDAC2","2","Down in KO"
1.87284377354277e-13,1.17365466575026,0.251,0.156,5.63931988651463e-09,"EMC2","2","Up in KO"
1.97861953797911e-13,2.09791871098711,0.103,0.036,5.9578212908089e-09,"CCDC6","2","Up in KO"
2.07233029239897e-13,-1.38350164157036,0.069,0.147,6.23999374344254e-09,"RSPH1","2","Down in KO"
2.25336067810065e-13,-1.21118477411361,0.042,0.109,6.78509433782887e-09,"FAM89B","2","Down in KO"
2.30658627016967e-13,1.14412473824289,0.221,0.127,6.94536191810791e-09,"TTC3","2","Up in KO"
2.86126754216427e-13,-0.924311138431864,0.094,0.184,8.61556269621084e-09,"H1F0","2","Down in KO"
2.95299807265617e-13,-1.11950391546701,0.061,0.137,8.89177249657499e-09,"C11orf88","2","Down in KO"
3.06706292854097e-13,-0.549582517519724,0.329,0.451,9.23523318412972e-09,"MZT2B","2","Down in KO"
3.25585168181426e-13,-0.933353455454621,0.075,0.157,9.80369499911093e-09,"ALYREF","2","Down in KO"
3.36423551989335e-13,-0.718228889916584,0.083,0.17,1.01300495739509e-08,"RTL8A","2","Down in KO"
3.86342830672457e-13,-1.37496939759494,0.038,0.102,1.16331689743784e-08,"DDX39A","2","Down in KO"
3.93577224825661e-13,1.92338253964611,0.101,0.035,1.18510038167255e-08,"CYTL1","2","Up in KO"
4.2741836439329e-13,-1.04015300505623,0.053,0.126,1.28699943702463e-08,"MTX2","2","Down in KO"
4.87363612156701e-13,1.47278422196605,0.163,0.081,1.46750057256504e-08,"LRPAP1","2","Up in KO"
5.25530298320787e-13,0.615260715165628,0.452,0.352,1.58242428127372e-08,"EEF1D","2","Up in KO"
5.61773090505983e-13,-1.54041002378101,0.04,0.104,1.69155495282257e-08,"C3orf14","2","Down in KO"
5.77279062405445e-13,-0.627318769514995,0.19,0.303,1.73824498480904e-08,"MRPL33","2","Down in KO"
5.8638714193811e-13,-0.933031629358455,0.06,0.135,1.76567032308984e-08,"CENPV","2","Down in KO"
6.85516906387287e-13,-1.40466130823259,0.048,0.116,2.06415995682276e-08,"GRAMD2B","2","Down in KO"
7.27677370136918e-13,-0.419320455061039,0.63,0.723,2.19110932921927e-08,"UQCRB","2","NS"
7.37913087595272e-13,0.294164523970297,0.83,0.786,2.22193009805812e-08,"RPL22","2","NS"
7.52141527644481e-13,2.28766760478456,0.103,0.037,2.2647733538903e-08,"GOLGA4","2","Up in KO"
7.61367662178017e-13,-0.642204305198414,0.199,0.314,2.29255416758423e-08,"C18orf32","2","Down in KO"
9.33610034349885e-13,1.98692811621918,0.121,0.05,2.81119317443094e-08,"COL18A1","2","Up in KO"
1.01371844459244e-12,2.32961843786359,0.107,0.041,3.05240760851228e-08,"P4HA1","2","Up in KO"
1.07070965998071e-12,-0.851100013700782,0.103,0.193,3.22401385716791e-08,"GET1","2","Down in KO"
1.08269528634678e-12,-0.857037371368779,0.07,0.149,3.26010377671878e-08,"CBR1","2","Down in KO"
1.15023067695773e-12,-0.683350293126658,0.133,0.236,3.46345959138743e-08,"UBE2S","2","Down in KO"
1.17612098455206e-12,-0.946677806053025,0.042,0.109,3.5414178965847e-08,"SYMPK","2","Down in KO"
1.24636089628256e-12,0.803562870623384,0.318,0.217,3.75291729479643e-08,"CDO1","2","Up in KO"
1.38087968866669e-12,-0.668103473681372,0.088,0.175,4.15796683054426e-08,"DCTN2","2","Down in KO"
1.3866753156378e-12,1.56597880677017,0.165,0.085,4.17541804291698e-08,"APLP2","2","Up in KO"
1.55913522831124e-12,0.981951568304841,0.292,0.197,4.69471208596798e-08,"MDK","2","Up in KO"
1.58578029517173e-12,-1.16711911523136,0.061,0.134,4.77494304679159e-08,"WSB2","2","Down in KO"
1.61878961135981e-12,-0.450858637786547,0.548,0.644,4.87433739876554e-08,"UBL5","2","NS"
1.76408547950957e-12,-0.657263548337468,0.159,0.263,5.31183778735128e-08,"PGAM1","2","Down in KO"
2.04158776371462e-12,-0.716065095171756,0.165,0.271,6.14742491532108e-08,"GTF2A2","2","Down in KO"
2.57477636387475e-12,1.55707936073025,0.129,0.057,7.75290910926327e-08,"CCND1","2","Up in KO"
2.98175745186599e-12,-0.916584069905864,0.054,0.124,8.97836986331367e-08,"PITHD1","2","Down in KO"
3.41816744578028e-12,-0.845266949784851,0.112,0.202,1.0292443995989e-07,"DANCR","2","Down in KO"
3.46055699734664e-12,2.01991511759156,0.109,0.043,1.04200831747105e-07,"EGLN3","2","Up in KO"
3.76507791037214e-12,-1.12793318077485,0.053,0.121,1.13370260959216e-07,"GON7","2","Down in KO"
3.81151553857524e-12,-0.685667644594165,0.113,0.205,1.14768544382039e-07,"MZT2A","2","Down in KO"
4.33851073111349e-12,-0.771866032659686,0.079,0.159,1.30636896624558e-07,"ARL2BP","2","Down in KO"
4.57340768085705e-12,1.91791314849118,0.113,0.047,1.37709878678287e-07,"ARL4D","2","Up in KO"
4.62167429850123e-12,1.77262032617678,0.157,0.081,1.39163234802171e-07,"HTR2C","2","Up in KO"
5.25429691708037e-12,-1.02766592236493,0.066,0.14,1.58212134470207e-07,"YWHAG","2","Down in KO"
5.52179837605457e-12,-0.48455564200621,0.342,0.464,1.66266870901379e-07,"HMGN3","2","NS"
5.56948637495356e-12,-1.13270589995832,0.05,0.117,1.67702804236227e-07,"PDZD11","2","Down in KO"
6.26706775943463e-12,1.01347740396722,0.229,0.14,1.88707677304336e-07,"NFIA","2","Up in KO"
6.29525224051912e-12,1.38736147696005,0.155,0.078,1.89556340214271e-07,"TSC22D4","2","Up in KO"
6.53967009870874e-12,0.9307253459704,0.292,0.197,1.96916006342219e-07,"SQSTM1","2","Up in KO"
6.78714257460274e-12,0.550061186204145,0.446,0.346,2.04367650063863e-07,"CD63","2","Up in KO"
6.87276419194868e-12,0.382325995783778,0.641,0.572,2.06945802583767e-07,"RPL3","2","NS"
6.93441868394052e-12,0.970602874284268,0.24,0.149,2.08802280992133e-07,"APRT","2","Up in KO"
8.72327247996411e-12,1.83498170490648,0.104,0.041,2.62666457644199e-07,"TIMP3","2","Up in KO"
8.85690616196613e-12,-0.622773965520421,0.147,0.247,2.66690301442962e-07,"SLC25A4","2","Down in KO"
1.00201019311576e-11,-0.641831993346126,0.155,0.254,3.01715289249087e-07,"SDCBP","2","Down in KO"
1.03688532033347e-11,-0.826786220721414,0.063,0.135,3.12216538805611e-07,"DNAJC15","2","Down in KO"
1.13600621103288e-11,-0.569001396167033,0.433,0.547,3.4206283020411e-07,"TUBB","2","Down in KO"
1.18017276659286e-11,-0.903656848873207,0.06,0.13,3.55361821748777e-07,"ITGAE","2","Down in KO"
1.29424777402976e-11,-1.16173526287928,0.047,0.111,3.89710947238103e-07,"C12orf75","2","Down in KO"
1.56808704108131e-11,-0.865492748386296,0.066,0.139,4.72166688939993e-07,"ABRACL","2","Down in KO"
1.58350284689044e-11,0.71556783813401,0.276,0.179,4.7680854222718e-07,"MSX1","2","Up in KO"
2.05965384688964e-11,1.27614592115932,0.202,0.12,6.20182369836938e-07,"CANX","2","Up in KO"
2.15684861429511e-11,-0.65282182426187,0.11,0.198,6.494486862504e-07,"MIEN1","2","Down in KO"
2.26012180685098e-11,-0.411926006968728,0.561,0.667,6.80545277260899e-07,"TMA7","2","NS"
2.28097933484446e-11,1.22852122555421,0.193,0.112,6.86825687515016e-07,"RCN1","2","Up in KO"
2.56160688460456e-11,-0.464986232453064,0.362,0.486,7.71325449023278e-07,"ATP5PO","2","NS"
2.6043551933492e-11,-0.499386061277334,0.386,0.495,7.84197392269377e-07,"ROMO1","2","NS"
2.68530141271479e-11,-0.988809500207062,0.063,0.132,8.0857110838255e-07,"EVL","2","Down in KO"
3.01234692186423e-11,-0.478733927905924,0.298,0.414,9.0704778164254e-07,"COX5A","2","NS"
3.14152739091278e-11,-0.837342651759755,0.054,0.121,9.45945312677749e-07,"CYB5A","2","Down in KO"
4.13063702572301e-11,-0.525916128485715,0.207,0.317,1.24377611481545e-06,"YWHAB","2","Down in KO"
4.177891896186e-11,-0.58603356384917,0.152,0.251,1.25800502886057e-06,"COA3","2","Down in KO"
4.69714326132106e-11,-0.842452211308385,0.048,0.112,1.41435680741638e-06,"SNRNP27","2","Down in KO"
4.70280308188192e-11,-0.464630776931028,0.46,0.569,1.41606103598546e-06,"PRDX2","2","NS"
4.97183500085768e-11,1.40243562740138,0.157,0.084,1.49706923710825e-06,"OSBPL1A","2","Up in KO"
5.00387164618148e-11,-0.573525246112231,0.189,0.294,1.50671579138171e-06,"ATP5F1B","2","Down in KO"
5.32239985355084e-11,-0.799772984270799,0.053,0.119,1.60262781990269e-06,"CAMK2N1","2","Down in KO"
5.90876197075235e-11,-0.403701991031489,0.498,0.61,1.77918731701324e-06,"COX6B1","2","NS"
6.33735581715635e-11,-0.658031657596232,0.159,0.255,1.90824121010395e-06,"RANBP1","2","Down in KO"
6.60623095510161e-11,-0.550253162320539,0.158,0.256,1.98920220289065e-06,"DRAP1","2","Down in KO"
7.04807040986691e-11,-0.594705818739603,0.136,0.229,2.12224448111502e-06,"LAMTOR2","2","Down in KO"
8.07307753264914e-11,-0.69684351028445,0.121,0.207,2.43088437585598e-06,"PCBP2","2","Down in KO"
9.1276032806048e-11,-0.49060771272823,0.502,0.6,2.74841262382291e-06,"GNAS","2","NS"
9.41980292035124e-11,1.12143438365303,0.222,0.141,2.83639685734696e-06,"TKT","2","Up in KO"
1.00157017315174e-10,-0.602230865852786,0.176,0.274,3.01582794837719e-06,"ZNF428","2","Down in KO"
1.02864216556132e-10,0.940388404596453,0.274,0.183,3.0973444247217e-06,"TRPM3","2","Up in KO"
1.10612084823049e-10,-0.911555093561843,0.065,0.133,3.33064048610682e-06,"AC010642.2","2","Down in KO"
1.1095535508718e-10,-0.637433039066434,0.161,0.255,3.34097669703007e-06,"MRFAP1","2","Down in KO"
1.14133212678233e-10,-0.311966102296314,0.614,0.712,3.43666516695427e-06,"MT-ND1","2","NS"
1.23628493837233e-10,-0.55360025599483,0.225,0.33,3.72257757793294e-06,"NDUFA12","2","Down in KO"
1.39901193686012e-10,1.88227887391376,0.103,0.044,4.21256484307952e-06,"IRF7","2","Up in KO"
1.41336461323378e-10,-1.09836667816573,0.05,0.11,4.25578218690822e-06,"PRKRA","2","Down in KO"
1.42330342425275e-10,-0.573957458959036,0.159,0.256,4.28570894076746e-06,"RTN4","2","Down in KO"
1.55364782668385e-10,-0.846851872241654,0.046,0.107,4.67818897092773e-06,"RUFY3","2","Down in KO"
1.59925565256221e-10,-0.607901968018637,0.085,0.161,4.81551869543007e-06,"SKA2","2","Down in KO"
1.5995866666006e-10,-0.557704093661615,0.179,0.279,4.81651541180105e-06,"SRI","2","Down in KO"
1.71650291498774e-10,-0.457839895631875,0.312,0.427,5.16856192731959e-06,"NDUFB2","2","NS"
1.75426399122337e-10,-0.810711624191798,0.073,0.144,5.28226430397269e-06,"VTI1B","2","Down in KO"
1.78216835196873e-10,1.25505703408899,0.188,0.112,5.36628712461304e-06,"SRRM2","2","Up in KO"
1.83995059084067e-10,-0.919140156852875,0.047,0.107,5.54027522408033e-06,"ACYP1","2","Down in KO"
2.0174210402781e-10,-0.495271755284677,0.191,0.297,6.07465649438137e-06,"SNRPF","2","NS"
2.11597730072155e-10,-0.717611418312472,0.102,0.182,6.37141925020265e-06,"GNB1","2","Down in KO"
2.30513733410808e-10,-0.623594521477941,0.115,0.199,6.94099902673282e-06,"SPAG16","2","Down in KO"
2.40485516587221e-10,-0.9504771847014,0.048,0.107,7.24125938995781e-06,"ORC4","2","Down in KO"
2.62227231390689e-10,-0.681454673565079,0.075,0.145,7.89592416440505e-06,"PPP2CB","2","Down in KO"
3.89105349551751e-10,-0.612604550543066,0.085,0.16,1.17163511803528e-05,"MMADHC","2","Down in KO"
4.06970417057409e-10,-0.537698042925469,0.139,0.229,1.22542862280156e-05,"CTXN1","2","Down in KO"
5.20410725797152e-10,-0.454723973339024,0.383,0.486,1.5670087364478e-05,"ATP5MF","2","NS"
5.24373237789795e-10,-0.606101241109576,0.139,0.226,1.57894025630885e-05,"ATXN10","2","Down in KO"
6.59419111951302e-10,-0.788367402225281,0.089,0.161,1.98557688799657e-05,"RBM4","2","Down in KO"
6.96623812600026e-10,-1.09413490731122,0.076,0.143,2.09760396211994e-05,"FAM183A","2","Down in KO"
7.38503056738442e-10,-0.695366515728501,0.116,0.197,2.22370655414512e-05,"LINC01578","2","Down in KO"
7.51442271509141e-10,-0.700933000635152,0.05,0.109,2.26266782374117e-05,"MRPL15","2","Down in KO"
9.07826199550738e-10,1.17857383502879,0.152,0.084,2.73355546946723e-05,"CD9","2","Up in KO"
9.3053842674735e-10,1.90068603527167,0.103,0.047,2.80194425677894e-05,"HES1","2","Up in KO"
1.05551696550559e-09,-0.36318972761245,0.709,0.79,3.17826713483389e-05,"RPL7","2","NS"
1.12751252950071e-09,-0.86671399396847,0.069,0.134,3.3950529775796e-05,"UBE2A","2","Down in KO"
1.18587693340574e-09,-0.891594857608343,0.046,0.102,3.57079403417801e-05,"AP1S1","2","Down in KO"
1.20338785183339e-09,-0.923094328695505,0.051,0.109,3.62352116065552e-05,"SNCA","2","Down in KO"
1.30409759402536e-09,-0.585350829298479,0.167,0.258,3.92676826536977e-05,"IFI27L2","2","Down in KO"
1.45164774392363e-09,-0.515959921081674,0.237,0.335,4.37105652172843e-05,"CDK2AP1","2","Down in KO"
1.56766670112783e-09,1.88416306835504,0.101,0.045,4.720401203766e-05,"TPR","2","Up in KO"
1.63012344477222e-09,-0.426186200408778,0.349,0.461,4.90846470455363e-05,"SLC25A3","2","NS"
1.64396696192011e-09,-0.410181507308991,0.548,0.629,4.95014891903765e-05,"UQCR10","2","NS"
1.6702136322278e-09,-0.726738749017953,0.07,0.135,5.02918026800113e-05,"HIKESHI","2","Down in KO"
1.68982957632669e-09,-0.348049614561182,0.634,0.729,5.0882458372773e-05,"RPL38","2","NS"
1.87505330822148e-09,-0.578688602447976,0.135,0.22,5.64597301638568e-05,"MPC2","2","Down in KO"
1.96795060705231e-09,-0.822973390907708,0.066,0.129,5.92569607289521e-05,"C11orf74","2","Down in KO"
2.03030797805579e-09,-0.663466266764823,0.12,0.199,6.11346035272377e-05,"C17orf49","2","Down in KO"
2.04047831790497e-09,1.49012224755267,0.153,0.088,6.14408426304365e-05,"KAZN","2","Up in KO"
2.09983684941217e-09,-0.713045153504085,0.115,0.192,6.32281873726498e-05,"CHCHD5","2","Down in KO"
2.15344181542513e-09,-0.880549353775162,0.058,0.117,6.48422865042662e-05,"IMMP1L","2","Down in KO"
2.24147509877637e-09,-0.678031419709948,0.108,0.185,6.74930566992554e-05,"ANAPC13","2","Down in KO"
2.30773360603469e-09,-0.343829430418983,0.814,0.871,6.94881666113105e-05,"TMSB4X","2","NS"
2.47538926634593e-09,1.44501615368146,0.158,0.092,7.45364461989422e-05,"IER2","2","Up in KO"
2.61840723387133e-09,-0.37439947615064,0.578,0.667,7.88428602190995e-05,"UBB","2","NS"
2.69126166417426e-09,-0.45962224390921,0.238,0.338,8.10365799699511e-05,"TOMM5","2","NS"
2.71800960854117e-09,-0.73757400465433,0.107,0.181,8.18419873227833e-05,"MPC1","2","Down in KO"
2.77443467726733e-09,1.61430060868884,0.12,0.06,8.35410025671967e-05,"MSX2","2","Up in KO"
2.80092922775278e-09,1.64068567258902,0.112,0.054,8.43387799768639e-05,"LAMP2","2","Up in KO"
2.84370660518174e-09,-0.649950289700175,0.201,0.289,8.56268495886275e-05,"SNRPD1","2","Down in KO"
3.19806497911884e-09,-0.538644669726067,0.106,0.181,9.62969345862473e-05,"H2AFY","2","Down in KO"
3.43658797905095e-09,0.333175981032892,0.625,0.571,0.000103479100637203,"PFDN5","2","NS"
3.9243504287041e-09,-0.537156182522711,0.126,0.207,0.000118166115758709,"BTF3L4","2","Down in KO"
4.45351475526226e-09,0.853284736026552,0.274,0.198,0.000134099782795702,"SLC35F1","2","Up in KO"
4.45606016911734e-09,0.628777604387427,0.35,0.266,0.000134176427752292,"ANXA5","2","Up in KO"
4.49485698432878e-09,0.950516256408251,0.194,0.12,0.000135344638655124,"CCL2","2","Up in KO"
4.8414679062536e-09,-0.518537635090745,0.106,0.182,0.000145781440125202,"PPP1CB","2","Down in KO"
5.00866835146143e-09,0.673350454903308,0.271,0.192,0.000150816012730855,"CD99","2","Up in KO"
5.03666715366163e-09,-0.456475942730655,0.181,0.274,0.000151659084663905,"NGRN","2","NS"
5.04961987076424e-09,-0.497034647104611,0.186,0.277,0.000152049103928582,"ATP5PB","2","NS"
5.90288025094637e-09,-0.53826904804297,0.052,0.109,0.000177741627236246,"AZIN1","2","Down in KO"
6.05697140587891e-09,-0.537656993994593,0.162,0.248,0.00018238146600242,"NDUFB6","2","Down in KO"
6.44294603372029e-09,-0.32009693106185,0.781,0.836,0.000194003548021352,"RPL9","2","NS"
6.46978665309806e-09,-0.315226911646529,0.633,0.712,0.000194811745911436,"HINT1","2","NS"
6.81600178197842e-09,-0.727400002821478,0.085,0.151,0.000205236629657152,"PSMD14","2","Down in KO"
6.86077109181895e-09,-0.549558154053493,0.104,0.178,0.000206584678345761,"ACTR10","2","Down in KO"
7.20030235818269e-09,-0.617939058562967,0.105,0.178,0.000216808304307239,"EIF3L","2","Down in KO"
7.45161964837461e-09,-0.487252773920206,0.138,0.22,0.000224375719232208,"MEAF6","2","NS"
7.51585963168194e-09,2.02254572809066,0.102,0.049,0.000226310049369575,"IRF9","2","Up in KO"
8.0114483349538e-09,-0.508843433832016,0.131,0.211,0.000241232720813794,"MLF2","2","Down in KO"
8.7949019675555e-09,-0.527121485837105,0.103,0.176,0.000264823293145064,"HIGD1A","2","Down in KO"
8.99568343551945e-09,1.06657862962473,0.172,0.105,0.000270869023926926,"ARL4C","2","Up in KO"
8.9965587688321e-09,-0.512750263304024,0.19,0.279,0.000270895381088303,"SCOC","2","Down in KO"
9.0336083646528e-09,-0.611518562368714,0.088,0.157,0.00027201098146806,"CRYBB2","2","Down in KO"
9.13222262324375e-09,1.19265168351857,0.156,0.091,0.000274980355408493,"LAP3","2","Up in KO"
9.87247834881511e-09,-0.318384786353087,0.572,0.661,0.000297270195561172,"ELOB","2","NS"
1.00620396002215e-08,0.641496579779891,0.35,0.274,0.000302978074402269,"NPC2","2","Up in KO"
1.03159636527943e-08,-0.616167519928296,0.079,0.144,0.000310623981549289,"NAA10","2","Down in KO"
1.10505115087694e-08,-0.415603083219414,0.138,0.22,0.000332741952040556,"BOLA3","2","NS"
1.22884707743467e-08,1.51975470274727,0.142,0.081,0.000370018143486354,"ANKRD37","2","Up in KO"
1.27053828541901e-08,-0.41773586937052,0.479,0.573,0.000382571783122517,"TOMM7","2","NS"
1.36250873655371e-08,-0.724066371476953,0.066,0.125,0.000410265005663688,"TUBA1C","2","Down in KO"
1.38639825016164e-08,-0.49285568190193,0.143,0.225,0.000417458377106171,"TERF2IP","2","NS"
1.39611940557993e-08,-0.832510135034388,0.06,0.117,0.000420385514214172,"FAM177A1","2","Down in KO"
1.42775497048167e-08,-0.477303287249172,0.249,0.344,0.000429911299161736,"SNX3","2","NS"
1.42856452073265e-08,1.00170715670556,0.192,0.122,0.000430155062837808,"RSL1D1","2","Up in KO"
1.48138154555299e-08,-0.590881133542666,0.145,0.228,0.00044605879718146,"NBDY","2","Down in KO"
1.49261560190549e-08,-0.645074431100029,0.057,0.113,0.000449441483889762,"ARF3","2","Down in KO"
1.51239805633959e-08,1.05362216976996,0.201,0.132,0.000455398178744413,"TCF25","2","Up in KO"
1.59054591500295e-08,-0.584146423768537,0.122,0.197,0.000478929280466539,"VPS29","2","Down in KO"
1.62885201106073e-08,-0.375701370814022,0.378,0.486,0.000490463629050495,"RAN","2","NS"
1.70147177044731e-08,1.67739470303098,0.11,0.056,0.000512330164799389,"RFC1","2","Up in KO"
1.72251622531938e-08,-0.414750571910485,0.229,0.327,0.000518666860605918,"COX16","2","NS"
1.7733303195361e-08,-0.575101435107858,0.09,0.158,0.000533967492515514,"TRAPPC4","2","Down in KO"
1.86584009617094e-08,-0.408421691137749,0.349,0.448,0.000561823111358031,"NDUFC2","2","NS"
1.90892356872551e-08,-0.437739840563571,0.149,0.231,0.000574795975778939,"SCP2","2","NS"
1.97587126840046e-08,-0.784749321482766,0.052,0.105,0.000594954597628064,"ISOC2","2","Down in KO"
2.18862697892845e-08,-0.503528669816943,0.124,0.199,0.000659017469625145,"CLTB","2","Down in KO"
2.21565585187319e-08,-1.00935062772518,0.089,0.151,0.000667156133557537,"CFAP126","2","Down in KO"
2.25469411506767e-08,-0.772654050256371,0.083,0.146,0.000678910944988025,"RAB4A","2","Down in KO"
2.28705455186512e-08,0.304156495569545,0.631,0.585,0.000688654996112107,"SNHG29","2","NS"
2.2900317780917e-08,1.00358894396901,0.193,0.125,0.00068955146870119,"FXR1","2","Up in KO"
2.32241604315526e-08,0.492644630255289,0.406,0.328,0.000699302694754481,"CST3","2","NS"
2.34343975111632e-08,-0.520957728769021,0.241,0.334,0.000705633143458635,"EIF4A1","2","Down in KO"
2.38409683297365e-08,-0.496481003667595,0.078,0.142,0.000717875397376696,"NCBP2","2","NS"
2.56965213348663e-08,-0.530904596494324,0.115,0.188,0.00077374795391416,"RAB1A","2","Down in KO"
2.63950383596631e-08,-0.332860477726296,0.729,0.78,0.000794781000047817,"RPS29","2","NS"
2.71915919625447e-08,-0.580162542834665,0.155,0.235,0.000818766025584183,"DNAJB6","2","Down in KO"
2.72571371410364e-08,-0.395453831986787,0.246,0.347,0.000820739656453747,"TIMM8B","2","NS"
2.77210302479949e-08,-0.477045165419948,0.145,0.225,0.000834707941797375,"RPAIN","2","NS"
3.01803451296597e-08,-0.45418863602661,0.225,0.317,0.000908760372199183,"STMP1","2","NS"
3.03544586708403e-08,-0.3615687569176,0.254,0.355,0.000914003105037674,"NDUFS6","2","NS"
3.2757087624251e-08,-0.411974217136452,0.184,0.272,0.000986348665453822,"DCTN3","2","NS"
3.28886727407437e-08,-0.779528602442688,0.057,0.112,0.000990310824896532,"ENOPH1","2","Down in KO"
3.80565692125792e-08,-0.350759312888845,0.275,0.376,0.00114592135555997,"SF3B6","2","NS"
3.81994613839609e-08,-0.697164416501099,0.075,0.135,0.00115022398173245,"TIMM17A","2","Down in KO"
3.92587297521319e-08,-0.488619917177755,0.199,0.286,0.00118211961156644,"RTRAF","2","NS"
3.97334041569792e-08,-0.566192953227484,0.063,0.12,0.0011964125325708,"FUNDC1","2","Down in KO"
4.03134352083802e-08,-0.320317470521875,0.496,0.595,0.00121387784755954,"PRDX5","2","NS"
4.2940233882781e-08,-0.361742113057442,0.522,0.61,0.00129297338244442,"UQCR11","2","NS"
4.42836115021741e-08,-0.336368989278696,0.392,0.498,0.00133342382594196,"SUB1","2","NS"
4.50380054183991e-08,-0.520868881844368,0.082,0.145,0.00135613938115342,"TMEM14A","2","Down in KO"
4.52150235996579e-08,-0.367640630676662,0.346,0.451,0.0013614695756093,"NEDD8","2","NS"
4.57790387375834e-08,-0.823083803324234,0.074,0.132,0.00137845263542737,"A1BG","2","Down in KO"
4.70075989547629e-08,-0.411180639348835,0.378,0.474,0.00141544581212686,"NDUFB11","2","NS"
4.71938661398495e-08,-1.10051573312664,0.053,0.104,0.00142105450333701,"C5orf49","2","Down in KO"
4.87116998878099e-08,-0.488655257170016,0.055,0.109,0.00146675799532184,"EI24","2","NS"
5.22135066030491e-08,0.957094765138886,0.25,0.184,0.00157220089732441,"DDX24","2","Up in KO"
5.34379904457218e-08,-0.612372641406794,0.139,0.215,0.00160907133031113,"FAM229B","2","Down in KO"
5.45998579132144e-08,-0.456840355544378,0.08,0.143,0.0016440563216248,"MAGED1","2","NS"
5.92454744249666e-08,1.49075565873092,0.106,0.054,0.00178394048041017,"SMC3","2","Up in KO"
5.97055892080902e-08,0.712039843233488,0.316,0.245,0.0017977949966448,"KRTCAP2","2","Up in KO"
6.13615532953698e-08,-0.334125985273773,0.477,0.58,0.00184765773127688,"SEC61G","2","NS"
6.21397240184763e-08,-0.634099337556767,0.087,0.149,0.00187108922992034,"ACYP2","2","Down in KO"
6.2722350826243e-08,-0.762216412527778,0.054,0.107,0.001888632705729,"FDFT1","2","Down in KO"
6.33708385018073e-08,1.23331322254729,0.134,0.076,0.00190815931812792,"PDE4D","2","Up in KO"
6.37144447508332e-08,0.563886806670886,0.438,0.376,0.00191850564589234,"NCL","2","Up in KO"
6.5843970457525e-08,-0.632166880414069,0.055,0.109,0.00198262779444653,"HIST3H2A","2","Down in KO"
6.76286204229236e-08,-0.395500189210191,0.335,0.433,0.00203636538955465,"DBI","2","NS"
7.05441357307479e-08,-0.379742091500317,0.292,0.387,0.00212415447098855,"SRSF9","2","NS"
7.07382030572273e-08,-0.418998106768835,0.217,0.308,0.00212999803225617,"ATP5F1A","2","NS"
7.42795908675131e-08,-0.648039595213711,0.058,0.112,0.00223663276061169,"ETFRF1","2","Down in KO"
8.19401445293831e-08,1.37743883116265,0.131,0.075,0.00246729969192425,"PFKP","2","Up in KO"
8.47865496408012e-08,-0.51782647515087,0.087,0.149,0.00255300779623416,"MFF","2","Down in KO"
8.95224580888565e-08,0.955565809875737,0.24,0.176,0.00269561073551356,"BSG","2","Up in KO"
9.06085251023176e-08,-0.604934551748327,0.1,0.166,0.00272831329935588,"TCP1","2","Down in KO"
9.60130544424689e-08,1.02312011034216,0.152,0.092,0.00289104908231718,"CTNNAL1","2","Up in KO"
9.98529080399044e-08,-0.874427144997653,0.053,0.104,0.00300667091398956,"TSN","2","Down in KO"
1.10581058019159e-07,0.560830369467809,0.368,0.299,0.00332970623801489,"SSR4","2","Up in KO"
1.10778754684733e-07,-0.681302588636296,0.209,0.289,0.003335659082312,"MORN2","2","Down in KO"
1.10972364780814e-07,-0.491948503376764,0.147,0.222,0.00334148887591508,"ACP1","2","NS"
1.11039495800264e-07,-0.761256699555208,0.258,0.338,0.00334351025804176,"S100B","2","Down in KO"
1.2906559729434e-07,-0.643443729157809,0.1,0.163,0.00388629420012988,"NDN","2","Down in KO"
1.42894954361736e-07,-0.531020881137996,0.071,0.127,0.00430270997078623,"SNAPIN","2","Down in KO"
1.4810359735025e-07,-0.362454521947611,0.478,0.559,0.00445954741981337,"UQCRQ","2","NS"
1.4862203602836e-07,-0.615855914620076,0.087,0.147,0.00447515812684994,"HNRNPA0","2","Down in KO"
1.52049620361055e-07,1.45330804829028,0.104,0.055,0.00457836611869172,"UBE2H","2","Up in KO"
1.61034582616195e-07,-0.644236047361359,0.067,0.122,0.00484891231715625,"DPYSL2","2","Down in KO"
1.71482761758201e-07,-0.455321126251816,0.256,0.343,0.00516351743930118,"POLR2I","2","NS"
1.76706005476997e-07,-0.57433246078931,0.093,0.156,0.00532079453091786,"PFDN4","2","Down in KO"
1.78961052962313e-07,-0.604903020066064,0.074,0.131,0.00538869626574821,"CRIP2","2","Down in KO"
1.96587762862451e-07,-0.275929507176206,0.368,0.472,0.00591945412755127,"POMP","2","NS"
2.06430716379224e-07,-0.350306058839115,0.437,0.535,0.00621583530089481,"ATP6V1G1","2","NS"
2.14600072575162e-07,-0.391329398437336,0.596,0.669,0.00646182278531069,"H3F3B","2","NS"
2.20709429812736e-07,-0.613405346507524,0.058,0.109,0.00664578164109131,"MTRNR2L8","2","Down in KO"
2.31804452562011e-07,-0.427987791728206,0.16,0.237,0.00697986387109471,"DPY30","2","NS"
2.38192900304976e-07,1.76905138245201,0.102,0.054,0.00717222642108314,"CUX1","2","Up in KO"
2.39983656732637e-07,0.446240618659661,0.441,0.372,0.00722614788787643,"HSPD1","2","NS"
2.53427555544147e-07,-0.316464750066628,0.456,0.557,0.0076309571249898,"PPIA","2","NS"
2.68156796041071e-07,-0.693987415202491,0.059,0.109,0.00807446928559269,"TATDN1","2","Down in KO"
2.69024273454136e-07,-0.636511517714933,0.119,0.185,0.00810058989797748,"OCIAD2","2","Down in KO"
2.75462632821036e-07,1.0717409666943,0.169,0.111,0.00829445533687421,"WLS","2","Up in KO"
2.85637696619667e-07,-0.474579433772344,0.217,0.299,0.0086008366829148,"MDH1","2","NS"
3.09401169187381e-07,-0.417831386365195,0.089,0.15,0.00931637860540122,"EEF1E1","2","NS"
3.17052354198404e-07,0.886284987765687,0.193,0.131,0.00954676343726816,"SRRM1","2","Up in KO"
3.20642356925971e-07,-0.758156411758436,0.066,0.118,0.00965486200939791,"TXNDC9","2","Down in KO"
3.21616863640371e-07,-0.297392270350167,0.059,0.111,0.00968420538107522,"FHL1","2","NS"
3.2699591385879e-07,-0.448055148270699,0.209,0.29,0.00984617396220204,"CETN2","2","NS"
3.29050648445722e-07,1.09394306327139,0.164,0.106,0.00990804407534915,"TECR","2","Up in KO"
3.40040944295008e-07,0.77093200138311,0.27,0.208,0.010238972873667,"FAM162A","2","Up in KO"
3.45658022707132e-07,-0.503267766612976,0.081,0.139,0.0104081087217345,"ISCA1","2","Down in KO"
3.8820603281313e-07,-0.403524652044468,0.069,0.123,0.0116892718540362,"LSM1","2","NS"
3.91835801089577e-07,-0.394919459076284,0.137,0.209,0.0117985678066082,"SRSF3","2","NS"
4.04234764266413e-07,0.839078520845991,0.217,0.153,0.012171912986826,"HNRNPU","2","Up in KO"
4.13110372302325e-07,-0.793171340650963,0.058,0.107,0.0124391664203953,"PNMA1","2","Down in KO"
4.14722729993119e-07,1.15695046254509,0.139,0.085,0.0124877161228228,"DDX17","2","Up in KO"
4.60478174860698e-07,-0.776323445120719,0.065,0.116,0.0138654583232305,"ACAT2","2","Down in KO"
5.1123964337564e-07,-0.664713590547978,0.163,0.233,0.0153939369016839,"KIF9","2","Down in KO"
5.19309994787402e-07,-0.422371428134227,0.124,0.192,0.0156369432530435,"DDX39B","2","NS"
5.45175069173084e-07,1.41736561103926,0.103,0.055,0.0164157665078707,"EIF2AK1","2","Up in KO"
5.72091249991159e-07,1.04346272030462,0.109,0.06,0.0172262396284838,"DMKN","2","Up in KO"
5.92482363988069e-07,-0.299490932699456,0.596,0.676,0.0178402364620447,"EIF1","2","NS"
5.93326281264256e-07,-0.410130921334182,0.126,0.194,0.017865647655148,"PCBP1","2","NS"
6.04091421302342e-07,0.469647539459954,0.466,0.407,0.0181897967868348,"UBC","2","NS"
6.28614635901305e-07,1.29027192545487,0.133,0.081,0.0189282153016242,"SPART","2","Up in KO"
6.65707361425161e-07,-0.44344802494316,0.194,0.272,0.020045114359873,"BANF1","2","NS"
6.90343306936159e-07,1.32856278792297,0.121,0.071,0.0207869273151547,"CDV3","2","Up in KO"
6.90759717749031e-07,0.813538179473966,0.262,0.201,0.0207994658611411,"SERBP1","2","Up in KO"
7.24590772261485e-07,-0.439522191699897,0.215,0.294,0.0218181527435656,"NDUFA5","2","NS"
7.27641012521445e-07,-0.675584249955031,0.058,0.106,0.0219099985280332,"DCUN1D5","2","Down in KO"
7.52371666921803e-07,0.603047529938862,0.319,0.254,0.0226546632626824,"MRPS21","2","Up in KO"
7.67792806922857e-07,-0.584669297821655,0.074,0.127,0.0231190092092541,"SUPT4H1","2","Down in KO"
8.0210454824828e-07,-0.360373763788935,0.247,0.334,0.024152170052304,"ATP6V1F","2","NS"
8.18902251762328e-07,-0.379775621732957,0.135,0.204,0.0246579657028155,"GLUL","2","NS"
8.30452165243967e-07,-0.435859075383373,0.067,0.12,0.0250057451476611,"FDX1","2","NS"
8.46089144534442e-07,-0.379392608091309,0.259,0.346,0.0254765902310766,"NDUFB10","2","NS"
8.57189091923283e-07,-0.446843165271649,0.128,0.195,0.025810820746902,"TCEAL8","2","NS"
8.58675216169289e-07,-0.340337067963965,0.135,0.204,0.0258555694340735,"UBE2M","2","NS"
8.81930767473957e-07,0.508536255259326,0.418,0.359,0.0265558173394083,"CNN3","2","Up in KO"
9.00178474455306e-07,-0.631608113271544,0.073,0.125,0.0271052740443237,"COPS5","2","Down in KO"
9.37057863031327e-07,-0.702518278363918,0.063,0.112,0.0282157493137363,"TMEM126B","2","Down in KO"
9.51667853158616e-07,-0.354127372274788,0.229,0.311,0.0286556707264591,"NDUFB5","2","NS"
9.78231226201543e-07,-0.614660881179134,0.112,0.173,0.0294555204521547,"ARPC1A","2","Down in KO"
1.13669186256354e-06,-0.654887942920421,0.073,0.125,0.0342269286736507,"TIMM17B","2","Down in KO"
1.1374717954664e-06,-0.490489904814258,0.113,0.176,0.0342504132332887,"RBM3","2","NS"
1.19538133864639e-06,0.510216348055387,0.426,0.366,0.0359941274879815,"CSTB","2","Up in KO"
1.30334285043612e-06,-0.635573316202852,0.075,0.127,0.0392449565694819,"RAB18","2","Down in KO"
1.38932655420874e-06,-0.478222483120924,0.108,0.169,0.0418340118737794,"DDAH2","2","NS"
1.40659578682609e-06,-0.389466932539305,0.225,0.305,0.0423540057371204,"NDUFV2","2","NS"
1.4158297221757e-06,-0.457692252789793,0.813,0.826,0.0426320487644324,"ACTG1","2","NS"
1.42827742203586e-06,-0.429549393433171,0.169,0.24,0.0430068614549218,"ARF4","2","NS"
1.52969456454291e-06,-0.504809496255691,0.055,0.102,0.0460606330329514,"COPS4","2","Down in KO"
1.60820044481827e-06,-0.487900769908005,0.251,0.327,0.0484245235939229,"RPS27L","2","NS"
1.61511826880985e-06,-0.435396010964013,0.184,0.258,0.0486328261921333,"LSM4","2","NS"
1.64683263810061e-06,-0.44099764646222,0.112,0.173,0.0495877775658476,"PCMT1","2","NS"
1.67573276154871e-06,-0.31301556708682,0.228,0.312,0.0504579891829932,"TRIR","2","NS"
1.679403378005e-06,-0.533508287315578,0.087,0.142,0.0505685151151087,"TIMM10","2","NS"
1.8204546679037e-06,-0.492429977656871,0.077,0.13,0.0548157105052482,"CSNK1E","2","NS"
1.88448090887696e-06,-0.405738700499844,0.109,0.171,0.0567436046471941,"METTL5","2","NS"
1.9187555002766e-06,-0.430815156109011,0.103,0.163,0.0577756468688287,"BSCL2","2","NS"
1.92737550899845e-06,-0.457674666589488,0.072,0.123,0.0580352039514523,"COMMD7","2","NS"
1.96072916579074e-06,-0.451153640561289,0.082,0.135,0.0590395159111251,"HMGB3","2","NS"
2.05000805122064e-06,-0.388739235000879,0.138,0.205,0.0617277924303046,"NDUFS3","2","NS"
2.06571761431975e-06,-0.576689264291833,0.068,0.117,0.062200823084782,"ITGB1BP1","2","NS"
2.14399610917342e-06,-0.432743589205004,0.076,0.128,0.0645578668433209,"TAF9","2","NS"
2.15359387545339e-06,-0.326512386400988,0.25,0.333,0.0648468651837769,"BRK1","2","NS"
2.305815543242e-06,-0.356120426807453,0.109,0.17,0.0694304118225598,"PSMC5","2","NS"
2.34117696818408e-06,-0.378064723925102,0.268,0.35,0.0704951796889909,"NDUFS8","2","NS"
2.44194587640357e-06,-0.755402119625296,0.061,0.107,0.073529432284388,"C22orf39","2","NS"
2.44241095896586e-06,-0.5099726473631,0.059,0.106,0.0735434363854209,"TIMMDC1","2","NS"
2.45160230772079e-06,0.594554723175233,0.306,0.245,0.0738201970877808,"ATP6V0E1","2","NS"
2.48459867648957e-06,-0.343313921534066,0.381,0.459,0.0748137507477775,"GNG5","2","NS"
2.48771080803512e-06,1.68195768463811,0.101,0.058,0.0749074601407455,"GCC2","2","NS"
2.51029800551283e-06,-0.342272775196114,0.239,0.32,0.0755875832439967,"RBM8A","2","NS"
2.57180470432967e-06,0.970879150694308,0.174,0.119,0.0774396114520706,"EIF4B","2","NS"
2.57746028406576e-06,-0.384630397707503,0.168,0.24,0.077609906613504,"PAIP2","2","NS"
2.60710398276934e-06,-0.312286255025944,0.299,0.384,0.0785025080251676,"EIF3K","2","NS"
2.73254624894792e-06,-0.594574844351401,0.064,0.112,0.0822797001020709,"DCAF13","2","NS"
2.82022716449535e-06,-0.606740350231862,0.088,0.141,0.0849198601501196,"PAM16","2","NS"
2.86343813722337e-06,-0.359875309631617,0.392,0.472,0.0862209857499329,"JUND","2","NS"
2.87137956213874e-06,-0.782882542923946,0.098,0.153,0.0864601099955596,"PDLIM4","2","NS"
2.91218023117956e-06,-0.584349667966966,0.066,0.114,0.0876886589410479,"ARPC4","2","NS"
2.92499718983975e-06,-0.506886877046952,0.069,0.117,0.0880745903832648,"SMIM4","2","NS"
2.96587709654343e-06,-0.379199345804185,0.082,0.135,0.0893055252540192,"SRSF2","2","NS"
3.0327807655279e-06,-0.418231002727623,0.112,0.172,0.0913200616308105,"CYC1","2","NS"
3.09234706274892e-06,-0.390965291742392,0.06,0.107,0.0931136624064328,"CTDNEP1","2","NS"
3.17530294812135e-06,-0.526950963244733,0.065,0.113,0.0956115470708819,"AHSA1","2","NS"
3.44116268465213e-06,-0.368861868405767,0.263,0.346,0.10361684959756,"DSTN","2","NS"
3.53436468787622e-06,-0.562191281264698,0.124,0.186,0.106423255116641,"PEG10","2","NS"
3.55926513561159e-06,1.24651770948218,0.125,0.078,0.107173032498401,"PJA2","2","NS"
3.82706183245972e-06,1.18594939676175,0.158,0.108,0.115236658837194,"TOP1","2","NS"
3.99943704702105e-06,-0.479133327675345,0.082,0.134,0.120427048922851,"CCDC124","2","NS"
4.17396227480783e-06,-0.31076663539288,0.203,0.28,0.125682178056739,"BEX4","2","NS"
4.18263432292677e-06,-0.419635811089001,0.081,0.133,0.125943302097648,"CFL2","2","NS"
4.32263645423768e-06,-0.454352634024866,0.095,0.151,0.130158906273551,"MTCH2","2","NS"
4.33859443989198e-06,-0.34495000116381,0.072,0.122,0.130639417179587,"FAM32A","2","NS"
4.38280478297404e-06,0.662120693398254,0.301,0.245,0.131970634820131,"BNIP3","2","NS"
4.48272710812879e-06,-0.385664478507846,0.108,0.166,0.134979395952866,"RNF5","2","NS"
4.90665377949709e-06,1.26661603768194,0.139,0.091,0.147744251954437,"TMEM205","2","NS"
4.93438482813675e-06,-0.431659698142097,0.067,0.115,0.148579261560026,"YPEL3","2","NS"
4.97667474398346e-06,-0.343374341183653,0.365,0.442,0.149852653216086,"NDUFB4","2","NS"
4.98828375918251e-06,-0.442472105560846,0.165,0.231,0.150202212272745,"DGUOK","2","NS"
5.16097560958435e-06,-0.316136536408135,0.112,0.171,0.155402136580194,"RAB5C","2","NS"
5.21834706068046e-06,-0.372533642499159,0.171,0.241,0.157129648344149,"PFN2","2","NS"
5.45557719305635e-06,-0.441466696016228,0.078,0.128,0.16427288486012,"PSMD6","2","NS"
5.76207683098958e-06,1.31311289618232,0.124,0.078,0.173501895457927,"JAK1","2","NS"
5.77210852511206e-06,-0.327758124310773,0.196,0.271,0.173803959799649,"MYL6B","2","NS"
5.77615847764718e-06,-0.390297762381532,0.126,0.188,0.173925907920434,"UFC1","2","NS"
5.8847752585322e-06,-0.303879467918057,0.485,0.562,0.177196467809663,"PEBP1","2","NS"
6.0484308188391e-06,-0.288270095362978,0.533,0.612,0.182124300386064,"HSBP1","2","NS"
6.12519752963674e-06,-0.306579165204848,0.302,0.388,0.184435822814892,"COX7A2L","2","NS"
6.15298426092696e-06,-0.474016925885344,0.063,0.109,0.185272509080772,"TMEM126A","2","NS"
6.20697280022521e-06,-0.292770944673493,0.239,0.317,0.186898157987581,"C1QBP","2","NS"
6.26551562744162e-06,-0.470790629153058,0.09,0.142,0.188660941057895,"ADRM1","2","NS"
6.71301542077564e-06,-0.510681135863853,0.062,0.107,0.202135607334975,"ZFPM1","2","NS"
7.30814663091381e-06,-0.43263393465373,0.118,0.176,0.220055603203446,"PRMT2","2","NS"
7.33589591515767e-06,-0.253283390053495,0.213,0.291,0.220891161901312,"LSM3","2","NS"
7.50784933484999e-06,-0.49707415623721,0.073,0.121,0.226068851321668,"UQCRC1","2","NS"
7.67340942197235e-06,-0.365877669463121,0.104,0.161,0.231054031105009,"RAB11A","2","NS"
7.69396825648647e-06,1.04056790635073,0.146,0.097,0.231673078171064,"UBE2L6","2","NS"
7.77673891590398e-06,1.22166319038462,0.148,0.1,0.234165385496785,"EMP3","2","NS"
7.82751244332913e-06,-0.538770023134692,0.071,0.118,0.235694227181083,"MYCBP","2","NS"
8.15172355094329e-06,-0.416787711736341,0.07,0.117,0.245456547842453,"POP5","2","NS"
8.22366362434937e-06,-0.589272048419583,0.071,0.118,0.247622735392784,"AK6","2","NS"
8.26338124553393e-06,-0.371659394726777,0.183,0.252,0.248818672684272,"MDH2","2","NS"
8.37153717723026e-06,1.27102212152902,0.135,0.087,0.25207535594358,"CDKN1C","2","NS"
8.46813559268804e-06,-0.258671369806631,0.58,0.666,0.25498403083143,"LDHB","2","NS"
8.60810350801894e-06,-0.495066363380302,0.081,0.13,0.259198604729958,"NME5","2","NS"
9.30314553240576e-06,-0.421381453033734,0.102,0.156,0.28012701512627,"CISD1","2","NS"
9.32983324248664e-06,0.992542820581206,0.152,0.103,0.280930608764515,"PDE10A","2","NS"
9.38953891608049e-06,1.03058056189977,0.142,0.094,0.2827284063021,"HDLBP","2","NS"
9.43798551494064e-06,-0.438634629135805,0.108,0.163,0.284187181840378,"SNF8","2","NS"
9.46546332982397e-06,-0.365824142954406,0.108,0.164,0.28501456632433,"MAGEF1","2","NS"
9.59479806967073e-06,-0.525823503623035,0.098,0.15,0.288908964675855,"EIF4E2","2","NS"
1.0137577954026e-05,-0.382081213705611,0.158,0.222,0.305252609773678,"EMC6","2","NS"
1.03276894319574e-05,-0.455203949226638,0.123,0.181,0.31097705648567,"FUNDC2","2","NS"
1.13225154635492e-05,0.799913622747452,0.144,0.094,0.340932263122929,"DDIT4","2","NS"
1.21296407573546e-05,-0.353860303686481,0.09,0.142,0.365235612844704,"MRPS23","2","NS"
1.2219710607335e-05,-0.41691120029885,0.075,0.122,0.367947706097464,"PPP2R1A","2","NS"
1.27367907155896e-05,-0.379936499106628,0.063,0.107,0.383517505237117,"PSMD13","2","NS"
1.28026371237333e-05,-0.324158472254334,0.196,0.267,0.385500206432732,"TMEM14B","2","NS"
1.29057579067093e-05,-0.385091418573676,0.293,0.366,0.388605276328924,"NDUFA3","2","NS"
1.30519884288858e-05,-0.344299388496806,0.199,0.269,0.393008423582181,"DDT","2","NS"
1.42359095379703e-05,-0.314375132513086,0.146,0.209,0.428657472097823,"SNRPC","2","NS"
1.44903504987985e-05,-0.29973978579792,0.249,0.328,0.43631894386932,"ATP5MC1","2","NS"
1.46653997728305e-05,-0.412255898900132,0.12,0.177,0.441589852559698,"NDFIP1","2","NS"
1.53725545632105e-05,-0.532274773088911,0.07,0.115,0.462882990452831,"COQ4","2","NS"
1.57593512805969e-05,1.13907407553872,0.126,0.081,0.474529826410053,"DKK3","2","NS"
1.60110535838292e-05,1.18623179989951,0.115,0.072,0.482108834462682,"SPINT2","2","NS"
1.6510472593644e-05,-0.283655795952683,0.088,0.138,0.497146840267214,"PSMC4","2","NS"
1.67464615322119e-05,0.739332007242905,0.175,0.123,0.504252703196432,"SERPINF1","2","NS"
1.71636219661939e-05,-0.330403309498778,0.169,0.235,0.516813821024064,"PSMB2","2","NS"
1.78508620101381e-05,-0.351649859638621,0.101,0.153,0.53750730598727,"PPP1CC","2","NS"
1.85209449218955e-05,-0.264565588979491,0.68,0.739,0.557684172543195,"BEX3","2","NS"
1.8700566713701e-05,-0.399841378376257,0.32,0.394,0.563092764316251,"MICOS10","2","NS"
1.8891252132247e-05,-0.362342410212875,0.089,0.14,0.568834492954091,"MCTS1","2","NS"
1.91532450925331e-05,0.462568578407153,0.254,0.197,0.576723362981263,"ID4","2","NS"
1.91569185246899e-05,-0.462105288666011,0.072,0.117,0.576833973696939,"DAZAP2","2","NS"
1.97989992681936e-05,1.25570770414163,0.112,0.07,0.596167666964576,"GOLM1","2","NS"
2.03107635480979e-05,-0.352848567843146,0.134,0.193,0.611577401196777,"NDUFA8","2","NS"
2.0433729051726e-05,-0.437737825084988,0.061,0.103,0.615280015476523,"FAM49B","2","NS"
2.04437369842131e-05,-0.45475203555731,0.165,0.226,0.61558136433164,"GLRX5","2","NS"
2.12873120234857e-05,-0.310535515697476,0.214,0.284,0.640982252339179,"PDCD5","2","NS"
2.1684341254292e-05,-0.280676528959591,0.076,0.122,0.652937199507987,"HPF1","2","NS"
2.27584584733399e-05,-0.336817267038729,0.237,0.307,0.685279943090738,"BZW1","2","NS"
2.38929561627269e-05,-0.489816017706727,0.147,0.205,0.71944080301587,"CACYBP","2","NS"
2.48228965692841e-05,-0.398316470159772,0.265,0.335,0.747442238597715,"TUBB4B","2","NS"
2.53497668919675e-05,-0.464155707391155,0.099,0.149,0.763306830884033,"PIN4","2","NS"
2.62449243662384e-05,-0.417741191617546,0.217,0.284,0.790260917591804,"EIF1B","2","NS"
2.71628314199733e-05,0.569787195796606,0.258,0.204,0.817900016886816,"SELENOM","2","NS"
2.75782488422512e-05,-0.389303421678018,0.104,0.156,0.830408650889025,"MAZ","2","NS"
2.7994018347341e-05,-0.27352717774131,0.186,0.253,0.842927886456785,"TXNL4A","2","NS"
2.84776863735077e-05,-0.447227858859652,0.062,0.104,0.857491614392689,"PDCD2","2","NS"
2.87534793679315e-05,0.90412790699691,0.149,0.103,0.865796017247786,"SNHG7","2","NS"
2.97212913277738e-05,-0.374882267789725,0.079,0.125,0.894937803170596,"CRIPT","2","NS"
3.04886420113328e-05,-0.443869879568469,0.081,0.127,0.918043499603242,"NDUFAF4","2","NS"
3.11856261304771e-05,-0.379531956723458,0.064,0.106,0.939030388414797,"WBP1","2","NS"
3.46485342230204e-05,-0.465484467075463,0.133,0.188,1,"SUCLG1","2","NS"
3.73688754651317e-05,-0.334800196340651,0.114,0.168,1,"RAB5IF","2","NS"
3.73898694400608e-05,-0.290941552518135,0.114,0.168,1,"NUTF2","2","NS"
4.19888633350967e-05,-0.286601787032466,0.114,0.169,1,"FXYD6","2","NS"
4.24254981345522e-05,-0.404430912795174,0.117,0.17,1,"MRPS36","2","NS"
4.24971572765448e-05,-0.355266305637546,0.176,0.238,1,"CBX3","2","NS"
4.42403951864865e-05,-0.518631767253527,0.07,0.112,1,"PPP1R7","2","NS"
4.69118299511949e-05,-0.374606528464324,0.115,0.168,1,"UBE2B","2","NS"
4.70242524023968e-05,-0.459336646435449,0.095,0.143,1,"SPA17","2","NS"
4.89653338232593e-05,-0.468936044909815,0.063,0.104,1,"MRPS28","2","NS"
4.91382046290461e-05,0.962287751926465,0.176,0.13,1,"PA2G4","2","NS"
5.12382289862474e-05,-0.35114238858603,0.115,0.166,1,"MRPL34","2","NS"
5.1424595615254e-05,-0.313264163474609,0.132,0.189,1,"UBE2I","2","NS"
5.14377180329454e-05,-0.438785791535189,0.254,0.314,1,"CYSTM1","2","NS"
5.1772097351399e-05,-0.448126757527471,0.069,0.111,1,"COA8","2","NS"
5.23290071870343e-05,0.739217655666295,0.214,0.166,1,"TIMP1","2","NS"
5.308371105066e-05,-0.331359109950219,0.16,0.22,1,"NDUFV3","2","NS"
5.44811149924897e-05,-0.286864887487633,0.089,0.136,1,"PSMC6","2","NS"
5.55878095397806e-05,-0.315216767518186,0.325,0.394,1,"C12orf57","2","NS"
5.59166835376235e-05,-0.266323097110585,0.065,0.106,1,"RPL7L1","2","NS"
6.25478419364982e-05,0.617293969503048,0.29,0.243,1,"PABPC1","2","NS"
6.25789556658608e-05,-0.401302721253932,0.094,0.141,1,"TPRKB","2","NS"
6.28590261444711e-05,-0.345820797058355,0.183,0.246,1,"UBE2D3","2","NS"
6.37927616146856e-05,-0.296138659675235,0.085,0.132,1,"TSG101","2","NS"
6.44021717608815e-05,-0.395172686644005,0.155,0.212,1,"HNRNPM","2","NS"
6.52504961049416e-05,-0.39631722478305,0.1,0.148,1,"SRM","2","NS"
6.57637391884386e-05,-0.284444984133109,0.12,0.173,1,"SARNP","2","NS"
6.73505152903698e-05,1.22101544752486,0.112,0.073,1,"PDLIM5","2","NS"
6.80277333990695e-05,-0.259538093833346,0.112,0.164,1,"GNG10","2","NS"
7.00617553299308e-05,-0.651161296295118,0.24,0.293,1,"CA2","2","NS"
7.02679177930999e-05,-0.281487195568168,0.275,0.35,1,"SLIRP","2","NS"
7.0386598143647e-05,-0.341644335498825,0.095,0.143,1,"MRPL18","2","NS"
7.05310183956048e-05,0.941184044329912,0.111,0.071,1,"G3BP2","2","NS"
7.2270290321657e-05,-0.52720318471765,0.095,0.139,1,"CAPS","2","NS"
7.48201642136257e-05,-0.294058389163816,0.278,0.349,1,"LSM7","2","NS"
7.75488248496777e-05,-0.390256746130812,0.12,0.172,1,"POLR2G","2","NS"
8.14889550914263e-05,-0.311268843894365,0.091,0.138,1,"OTUD6B-AS1","2","NS"
8.38919204294102e-05,-0.271145657339959,0.25,0.32,1,"NDUFB8","2","NS"
8.85801306171304e-05,0.678269339321048,0.156,0.111,1,"PLAC9","2","NS"
8.97059291492652e-05,-0.537373629585015,0.062,0.1,1,"SNX4","2","NS"
9.24763451188189e-05,-0.311575341706773,0.087,0.131,1,"BBIP1","2","NS"
9.5724980943618e-05,-0.306356983722528,0.077,0.12,1,"RNF187","2","NS"
9.6972862373732e-05,-0.265490810991268,0.376,0.451,1,"MYL12B","2","NS"
0.000103690037902913,-0.273617317513412,0.224,0.29,1,"SCAND1","2","NS"
0.000104214433811432,-0.318723898783115,0.213,0.277,1,"GTF2H5","2","NS"
0.000105001937823554,-0.31173228623481,0.188,0.248,1,"YWHAZ","2","NS"
0.000107307674244152,-0.389026314301725,0.084,0.127,1,"RAB11B","2","NS"
0.000108158848560116,-0.268600745520544,0.084,0.128,1,"SNX17","2","NS"
0.00010841366494937,-0.299022638959736,0.106,0.154,1,"YTHDF2","2","NS"
0.000109112292129768,0.628302131121689,0.268,0.223,1,"SEC11A","2","NS"
0.000109827997393694,-0.396240942673996,0.091,0.135,1,"PPP2CA","2","NS"
0.000110330883037158,-0.341890255891733,0.079,0.122,1,"CCDC90B","2","NS"
0.000117805580759515,-0.449677334423135,0.07,0.109,1,"MICU2","2","NS"
0.000119416489114827,-0.269443510538443,0.291,0.361,1,"NDUFAB1","2","NS"
0.000121601660696137,-0.380111509384458,0.116,0.166,1,"THOC7","2","NS"
0.000124232447681779,1.10144468932984,0.108,0.071,1,"ILF3","2","NS"
0.000127587035698453,-0.399168610080976,0.067,0.106,1,"SRA1","2","NS"
0.000138812318419002,-0.409961035273581,0.072,0.112,1,"FLYWCH2","2","NS"
0.000139723813863978,-0.278299633164619,0.119,0.17,1,"ARPP19","2","NS"
0.000145023769231167,-0.363771566032193,0.163,0.218,1,"UBE2D2","2","NS"
0.000148133039741465,-0.382908250447569,0.063,0.1,1,"BLOC1S2","2","NS"
0.000153229085946497,0.683510757250169,0.194,0.15,1,"METTL26","2","NS"
0.00015342781016377,-0.58734884576642,0.071,0.11,1,"MT1F","2","NS"
0.000153764285451006,0.955385216135914,0.122,0.084,1,"TXNRD1","2","NS"
0.000154117798804796,-0.358182065992716,0.079,0.121,1,"GNAI3","2","NS"
0.000157271055554423,-0.384190403291239,0.405,0.462,1,"PCSK1N","2","NS"
0.000163947529642951,-0.290570927942125,0.16,0.216,1,"JTB","2","NS"
0.00016407133419536,-0.278206038782781,0.196,0.258,1,"SNRPB2","2","NS"
0.000170841876805959,-0.393482954819328,0.084,0.126,1,"SARS","2","NS"
0.000171040365846544,-0.277665881479463,0.132,0.184,1,"PSENEN","2","NS"
0.000171846141470573,-0.469256722191411,0.066,0.104,1,"SOX2","2","NS"
0.000173855812022942,-0.318055968746069,0.182,0.239,1,"MAP1LC3B","2","NS"
0.000175018106448805,-0.255026178016914,0.149,0.204,1,"MRPS33","2","NS"
0.000178351721774106,-0.254275390575765,0.172,0.232,1,"TALDO1","2","NS"
0.000184730664176418,0.829028872876444,0.183,0.141,1,"PRDX4","2","NS"
0.000187646922606964,-0.25906498178003,0.274,0.343,1,"SSB","2","NS"
0.000205597930952885,-0.275707065890804,0.069,0.108,1,"RAB10","2","NS"
0.000209786882038102,-0.320942318263102,0.202,0.261,1,"MRPL41","2","NS"
0.000211230760678327,-0.310180604732267,0.606,0.65,1,"RPL31","2","NS"
0.00021642660267435,-0.528230231599609,0.069,0.107,1,"VAT1L","2","NS"
0.000248223020910513,-0.279245675834551,0.284,0.351,1,"PSMB6","2","NS"
0.000260705145231031,0.522050693741611,0.3,0.257,1,"TMEM59","2","NS"
0.0002745947229234,-0.487195983068108,0.363,0.415,1,"RBP1","2","NS"
0.000279698172018657,-0.385541175690164,0.069,0.106,1,"EIF4EBP1","2","NS"
0.000287495394192581,-0.326426304029355,0.147,0.198,1,"GPM6A","2","NS"
0.000288887878030692,-0.449087973261703,0.076,0.114,1,"ZNHIT3","2","NS"
0.000296635951049737,0.446725222290251,0.355,0.312,1,"C4orf3","2","NS"
0.000302508141743983,-0.30221462736522,0.501,0.566,1,"HSP90AA1","2","NS"
0.000306226043071931,0.430611481188719,0.255,0.207,1,"TFPI2","2","NS"
0.000308510940601037,-0.287168083063759,0.071,0.109,1,"EBPL","2","NS"
0.000309189269310912,-0.299427806073885,0.087,0.127,1,"FLOT1","2","NS"
0.000313580289104085,0.673883227460123,0.201,0.159,1,"HIST1H4C","2","NS"
0.00031359744586447,-0.413078609777693,0.121,0.168,1,"EIF5B","2","NS"
0.000325270929448145,-0.250484595629619,0.066,0.102,1,"SURF1","2","NS"
0.000329445624113461,-0.262219730300717,0.082,0.122,1,"MRPL55","2","NS"
0.000333096381805495,-0.366495747028067,0.163,0.215,1,"CCT4","2","NS"
0.000344323350085168,0.475246370271875,0.345,0.307,1,"ST13","2","NS"
0.0003503773310255,-0.291535289547926,0.157,0.21,1,"BUD31","2","NS"
0.000350647992204265,0.814335366917058,0.206,0.166,1,"PSME2","2","NS"
0.000350882307399247,-0.384437354601183,0.066,0.102,1,"SMIM7","2","NS"
0.000361777571385015,-0.405440504624841,0.08,0.119,1,"MAP2","2","NS"
0.000366172034003701,-0.485680362254433,0.082,0.12,1,"MRPL23","2","NS"
0.000372353738138741,0.299628045941728,0.425,0.377,1,"ZFAS1","2","NS"
0.00038103674188983,-0.253710783715094,0.224,0.283,1,"CIAO2B","2","NS"
0.000397874331536855,-0.274127380187438,0.159,0.212,1,"NDUFS7","2","NS"
0.000399909284555801,0.989194401456134,0.115,0.08,1,"MCFD2","2","NS"
0.000409007537295575,-0.280942547108342,0.161,0.213,1,"ZNF706","2","NS"
0.000437194636589066,-0.378042766510565,0.075,0.112,1,"DTYMK","2","NS"
0.000462494394883997,0.780783813692533,0.195,0.156,1,"CTSD","2","NS"
0.000463491726688492,1.20693458107475,0.11,0.077,1,"PTTG1IP","2","NS"
0.000485087999219003,-0.322776931817509,0.287,0.346,1,"HSPB1","2","NS"
0.000488089062100465,-0.258127207128837,0.149,0.201,1,"RHEB","2","NS"
0.000499710337777715,0.720649502643505,0.193,0.153,1,"SIVA1","2","NS"
0.000520338029400681,-0.254450097481179,0.121,0.166,1,"NME1","2","NS"
0.000555141271733115,0.854801743542966,0.11,0.076,1,"DDX3X","2","NS"
0.000584169758867427,-0.274201372723842,0.07,0.105,1,"ZBTB8OS","2","NS"
0.000590379124990386,0.882205844267511,0.144,0.107,1,"BLVRB","2","NS"
0.0005983699839833,-0.394149783617216,0.277,0.328,1,"CHCHD10","2","NS"
0.000623349900894799,-0.416072258294583,0.082,0.119,1,"PDCD10","2","NS"
0.000650758398177132,-0.269116848887573,0.476,0.531,1,"POLR2L","2","NS"
0.000691470070395659,-0.271719022932128,0.212,0.267,1,"UQCC2","2","NS"
0.000738053082523116,0.699043183580638,0.212,0.173,1,"HES4","2","NS"
0.000745742416568185,0.803504060165538,0.134,0.098,1,"COPB2","2","NS"
0.000762863950189565,0.478893009474697,0.287,0.245,1,"CD81","2","NS"
0.000809466190389554,0.718082015699914,0.2,0.162,1,"SON","2","NS"
0.000845888481727949,0.825423735773664,0.155,0.119,1,"KDELR1","2","NS"
0.000854993594739918,-0.288508532790115,0.085,0.123,1,"THYN1","2","NS"
0.000883535308394176,-0.273787463608716,0.088,0.126,1,"ARL5A","2","NS"
0.000945996183581079,-0.253962212687263,0.249,0.306,1,"SELENOK","2","NS"
0.000949439429292884,-0.257634162562581,0.178,0.23,1,"CAMTA1","2","NS"
0.000961893558453763,-0.294946111896004,0.073,0.107,1,"COPS3","2","NS"
0.0010818078385642,0.37018748620984,0.312,0.271,1,"EEF2","2","NS"
0.00109025297482253,0.983825755224892,0.118,0.086,1,"MFAP1","2","NS"
0.00111884542441186,0.788422327571386,0.145,0.11,1,"RTF1","2","NS"
0.00115622386871969,-0.329005587524223,0.124,0.167,1,"EIF5","2","NS"
0.00117273411258228,0.598106504496389,0.171,0.133,1,"VKORC1","2","NS"
0.0012018596707938,1.05831328257818,0.107,0.076,1,"GPBP1","2","NS"
0.0012220248058519,0.901110603500731,0.102,0.071,1,"CAB39L","2","NS"
0.0012343579460084,0.419849864027483,0.202,0.16,1,"FOLR1","2","NS"
0.0012442072688875,-0.448725103886199,0.081,0.115,1,"ENO2","2","NS"
0.00129063270115185,-0.340738519930312,0.115,0.155,1,"PSMB7","2","NS"
0.00130253975128312,-0.398288841153974,0.115,0.155,1,"DNALI1","2","NS"
0.00131515082462275,-0.328735479506223,0.288,0.341,1,"ATP6V0C","2","NS"
0.00133124997472858,-0.581234934785503,0.209,0.249,1,"PIFO","2","NS"
0.00136017463347931,-0.255542510999068,0.177,0.228,1,"COX14","2","NS"
0.00143538387432596,-0.290642985467031,0.07,0.102,1,"PFDN1","2","NS"
0.00146654974919621,0.658666750643131,0.229,0.195,1,"ERP29","2","NS"
0.00146786887844391,0.990249805335309,0.123,0.091,1,"P4HB","2","NS"
0.00148017120266921,-0.302921500003735,0.096,0.134,1,"SRSF7","2","NS"
0.00149495241144462,-0.353641797771992,0.815,0.831,1,"PTMA","2","NS"
0.00173545514982908,0.670303371597602,0.202,0.167,1,"CNPY2","2","NS"
0.00176730389686862,0.949395966167393,0.124,0.092,1,"THRAP3","2","NS"
0.00198963638549496,0.798072276084691,0.115,0.084,1,"NFE2L2","2","NS"
0.00202334653418435,0.409167038530444,0.313,0.275,1,"GAS5","2","NS"
0.00211918233120648,-0.455686207785603,0.119,0.156,1,"C9orf116","2","NS"
0.00248936806380681,-0.3268490619713,0.175,0.22,1,"GNG11","2","NS"
0.00272660470944432,0.473578835601926,0.227,0.19,1,"SEC62","2","NS"
0.00275415635826583,0.554025600415125,0.2,0.164,1,"RPL22L1","2","NS"
0.00300379576654535,0.426548051873438,0.124,0.091,1,"SPARCL1","2","NS"
0.00304093516100498,0.650871614246148,0.211,0.177,1,"TCEA1","2","NS"
0.00320554357462229,0.678588882507247,0.196,0.164,1,"TMED10","2","NS"
0.00325146454694569,-0.26832220312397,0.074,0.105,1,"PKIG","2","NS"
0.00332922221130783,-0.319693169784615,0.213,0.256,1,"ATP6V0B","2","NS"
0.00349201183021528,0.508374849727011,0.223,0.189,1,"NENF","2","NS"
0.00352201082226236,-0.304844641327257,0.088,0.12,1,"SUMO3","2","NS"
0.00360341761995603,0.858899884645927,0.153,0.123,1,"MALSU1","2","NS"
0.00372027820322386,-0.251027604027425,0.132,0.171,1,"TRAPPC2L","2","NS"
0.00373042053909204,0.802917045163555,0.101,0.073,1,"TIMP2","2","NS"
0.00385448702140679,-0.328700554268206,0.143,0.184,1,"LY6H","2","NS"
0.00396668877790704,-0.350270795807789,0.073,0.103,1,"ATF4","2","NS"
0.0041896273540354,0.680781477506989,0.136,0.106,1,"PIP5K1B","2","NS"
0.00435616648038985,0.461193473090333,0.234,0.201,1,"CNBP","2","NS"
0.00437729566066774,0.723329175385288,0.14,0.109,1,"TAX1BP1","2","NS"
0.0045335600142365,-0.285602601310854,0.11,0.146,1,"HSPB11","2","NS"
0.00468328714434166,1.18332990912322,0.126,0.099,1,"MIR99AHG","2","NS"
0.00477491479282847,0.636398259228381,0.208,0.179,1,"TOMM20","2","NS"
0.00480058687177319,-0.294509810840534,0.098,0.131,1,"BTG3","2","NS"
0.00566560895107545,0.891203418324363,0.12,0.093,1,"DUSP1","2","NS"
0.00589248251515337,-0.322363215997533,0.139,0.176,1,"PPIG","2","NS"
0.00590452513460608,-0.303158312309458,0.118,0.153,1,"UQCRC2","2","NS"
0.00653576064835619,0.567813136929357,0.152,0.123,1,"MT3","2","NS"
0.0065685341662911,-0.260197627942677,0.203,0.247,1,"TMEM14C","2","NS"
0.0079947025370656,0.675318489391819,0.18,0.152,1,"TCEAL2","2","NS"
0.00801793222755022,0.642537150574858,0.125,0.097,1,"TMEM141","2","NS"
0.00850799024012718,0.932573541884509,0.103,0.078,1,"RBPJ","2","NS"
0.00872713376952891,0.476837669275958,0.116,0.089,1,"NMB","2","NS"
0.00906479495528051,-0.254471254150658,0.366,0.408,1,"IGFBP2","2","NS"
0.0092604053395142,0.833851350209821,0.115,0.09,1,"MXRA7","2","NS"
0.00930085393516757,0.636198520421464,0.154,0.126,1,"HADHA","2","NS"
0.0102751880547617,-0.261271882816083,0.08,0.107,1,"C12orf10","2","NS"
0.0102813220657996,0.772731063551544,0.124,0.099,1,"ZFP36L1","2","NS"
0.0112349605966281,0.34346596480667,0.313,0.286,1,"HNRNPK","2","NS"
0.0123919759221774,0.74693860777982,0.116,0.091,1,"HP1BP3","2","NS"
0.0129313201777516,0.657516074381171,0.116,0.091,1,"CLDN5","2","NS"
0.0131456199673733,0.678578548345923,0.103,0.079,1,"EGR1","2","NS"
0.0140519121717877,0.54187407882927,0.162,0.135,1,"PRXL2A","2","NS"
0.0150255509849552,0.872319167790532,0.106,0.083,1,"SPTBN1","2","NS"
0.0155073539316359,0.669215037665718,0.139,0.114,1,"SSR3","2","NS"
0.0166928250550299,0.762594241146658,0.14,0.117,1,"PDLIM2","2","NS"
0.0173075148010222,0.58642360276061,0.158,0.132,1,"CCDC85B","2","NS"
0.0176045497997652,0.657919997129993,0.129,0.105,1,"SRP72","2","NS"
0.0177835808081955,0.586303899263688,0.18,0.155,1,"HNRNPR","2","NS"
0.0184825563277197,0.533826897151236,0.101,0.078,1,"PIH1D1","2","NS"
0.0190559011176384,0.769165267945898,0.112,0.089,1,"MAP9","2","NS"
0.0200298016967901,0.634351476043969,0.1,0.077,1,"PAK2","2","NS"
0.0201500998028073,0.884629566033003,0.121,0.099,1,"RNMT","2","NS"
0.0213498982070939,0.513063569404511,0.161,0.135,1,"TPM2","2","NS"
0.0214469371434653,0.749503865520963,0.107,0.085,1,"EIF2A","2","NS"
0.0215480593132265,0.643497884163664,0.125,0.102,1,"FBXO2","2","NS"
0.0218177895137564,0.727183724873126,0.114,0.092,1,"H2AFJ","2","NS"
0.0226221758104702,0.915941020866371,0.109,0.089,1,"OPTN","2","NS"
0.0230921788034648,1.00952836199551,0.103,0.083,1,"ERG28","2","NS"
0.0244621826090202,0.69165265243873,0.119,0.096,1,"HSPA4","2","NS"
0.0244715961978425,0.578657880173609,0.179,0.156,1,"DNPH1","2","NS"
0.0248754160679001,0.520065348924427,0.208,0.186,1,"SERP1","2","NS"
0.0249408524274283,0.572736585359673,0.143,0.119,1,"SPARC","2","NS"
0.0261578540141317,0.574269678127328,0.141,0.118,1,"NUCB2","2","NS"
0.02700906343051,0.431047206152499,0.103,0.081,1,"MT1E","2","NS"
0.0270802219364994,0.633076385863132,0.124,0.102,1,"MTPN","2","NS"
0.0273513056343538,0.538720800825547,0.239,0.218,1,"MT-ND4L","2","NS"
0.0279261486069326,0.538327657468995,0.153,0.13,1,"S100A13","2","NS"
0.0285775046229873,0.62747902201852,0.128,0.106,1,"TMEM179B","2","NS"
0.0288967764374014,0.62565215501847,0.104,0.084,1,"CAPRIN1","2","NS"
0.0290477298811067,0.773051382590991,0.107,0.086,1,"WFDC2","2","NS"
0.0323762788291182,-0.312405126849626,0.095,0.119,1,"TAGLN2","2","NS"
0.0349229317653253,0.671468374649423,0.135,0.114,1,"MYDGF","2","NS"
0.0378472733289552,0.577163318925142,0.152,0.129,1,"S100A10","2","NS"
0.0386801496917232,-0.296633165348427,0.084,0.107,1,"LSM6","2","NS"
0.0394207549624442,-0.401395388892437,0.169,0.2,1,"EIF3M","2","NS"
0.0434884372462582,0.551087932899374,0.138,0.117,1,"CBX1","2","NS"
0.0494364487000945,0.736526262747723,0.107,0.089,1,"FAM204A","2","NS"
0.0520023786032279,0.704093295150689,0.103,0.085,1,"XRN2","2","NS"
0.0534604919237307,0.463511332201433,0.196,0.176,1,"GSTM3","2","NS"
0.05389129775324,0.535882724824905,0.132,0.112,1,"TSPAN3","2","NS"
0.0612671283010024,0.687310674697735,0.11,0.093,1,"PRNP","2","NS"
0.0682705314258991,0.683379578243352,0.109,0.093,1,"CTSL","2","NS"
0.0695517751438809,0.835997110695746,0.106,0.09,1,"NSRP1","2","NS"
0.0702242611281372,0.774753436549307,0.119,0.102,1,"TMED9","2","NS"
0.0711582642416602,0.432902624300336,0.178,0.159,1,"UBXN1","2","NS"
0.0726152603991922,0.509086991395353,0.176,0.158,1,"TSPO","2","NS"
0.0735986565436346,0.399435719037979,0.242,0.227,1,"NR2F1","2","NS"
0.0748864406136601,0.75206690496685,0.127,0.112,1,"PNRC1","2","NS"
0.0756799362681036,0.2889749775708,0.175,0.153,1,"ANP32B","2","NS"
0.0821795044215819,0.789268690466616,0.1,0.084,1,"SMAP1","2","NS"
0.082715655705536,0.47545253861951,0.134,0.116,1,"SLCO1C1","2","NS"
0.0841604506063035,0.670251416759935,0.117,0.101,1,"RNASEH2C","2","NS"
0.0907833246403188,0.790114052647646,0.106,0.091,1,"KDELR2","2","NS"
0.0911205096566204,0.576144496642813,0.132,0.116,1,"TMBIM4","2","NS"
0.091457742959314,0.408038595906092,0.194,0.177,1,"CSDE1","2","NS"
0.0966603246413421,0.472465767986657,0.122,0.105,1,"ANXA2","2","NS"
0.102871419459772,0.442761675528195,0.124,0.107,1,"TPM4","2","NS"
0.105841852253281,0.324198965927454,0.351,0.343,1,"CLTA","2","NS"
0.106384136147845,0.642382529777135,0.135,0.121,1,"AKIRIN2","2","NS"
0.109114570396288,0.447984985770025,0.174,0.158,1,"NSA2","2","NS"
0.111938741414895,0.470396828377619,0.124,0.109,1,"LITAF","2","NS"
0.112625847339997,0.403882437251351,0.237,0.224,1,"SPCS2","2","NS"
0.114399848281279,0.55513172860161,0.147,0.132,1,"PTP4A2","2","NS"
0.123791523584931,0.327557456648966,0.273,0.26,1,"TCEAL4","2","NS"
0.125388036574996,0.252591243614771,0.1,0.121,1,"IDI1","2","NS"
0.127246655699309,0.58737023332742,0.163,0.15,1,"CBX5","2","NS"
0.131132238690105,0.273494531355909,0.286,0.276,1,"RABAC1","2","NS"
0.131364046129713,0.253606728091741,0.14,0.166,1,"PSMD4","2","NS"
0.13537787085103,0.503829548697187,0.137,0.123,1,"YIF1A","2","NS"
0.144979290235735,0.628866642111359,0.137,0.125,1,"LAPTM4B","2","NS"
0.149428528467705,0.608941061655283,0.112,0.099,1,"RPN2","2","NS"
0.162827667080669,0.616245936569837,0.111,0.099,1,"CTNNA1","2","NS"
0.166401063017881,0.386894694019417,0.243,0.234,1,"NUDC","2","NS"
0.169652274954087,0.616631759965831,0.134,0.122,1,"TPM3","2","NS"
0.170078538764963,0.529961308935594,0.103,0.091,1,"MANF","2","NS"
0.177690394193361,0.563614117058567,0.114,0.102,1,"NME3","2","NS"
0.18836216298879,0.388070210128734,0.165,0.153,1,"RAB13","2","NS"
0.188969742878022,0.402533115253711,0.206,0.196,1,"NUCKS1","2","NS"
0.191336770312355,0.483422846342709,0.182,0.173,1,"SNHG8","2","NS"
0.200532432183258,0.477648477365273,0.143,0.131,1,"DEK","2","NS"
0.208467647636816,0.490523756504737,0.113,0.102,1,"CDC37","2","NS"
0.208825830986819,0.492575153239802,0.12,0.109,1,"APP","2","NS"
0.21106291703439,0.505113126763386,0.139,0.128,1,"IFT57","2","NS"
0.211091101654613,0.423040061178384,0.106,0.094,1,"AIMP1","2","NS"
0.211464344002465,0.363377830421972,0.113,0.1,1,"GCHFR","2","NS"
0.211717489322182,0.320411339538316,0.159,0.146,1,"CXXC5","2","NS"
0.215374329868121,0.256950995384902,0.213,0.201,1,"MYL12A","2","NS"
0.21724384307626,0.626560360789593,0.104,0.094,1,"EPB41L4A-AS1","2","NS"
0.222641434360433,0.560514077744111,0.116,0.106,1,"IK","2","NS"
0.226727073053371,0.591135956406966,0.106,0.095,1,"STAU1","2","NS"
0.230732103905371,0.262719428068948,0.105,0.122,1,"DARS","2","NS"
0.233743262481794,0.4011747211409,0.121,0.111,1,"TTYH1","2","NS"
0.235757553462682,0.638290656454491,0.133,0.124,1,"BCAP31","2","NS"
0.249513349827928,0.326820730639277,0.086,0.101,1,"MRPS18B","2","NS"
0.261412714503352,0.622511296432134,0.105,0.096,1,"MAP4","2","NS"
0.266102006965747,0.434711749309233,0.133,0.122,1,"TMEM98","2","NS"
0.266312425589491,0.30295263383826,0.126,0.145,1,"SF3B2","2","NS"
0.268547780332948,0.28084633086629,0.192,0.181,1,"NQO1","2","NS"
0.278176520450083,0.297833000152786,0.087,0.101,1,"MRPL54","2","NS"
0.282831233140738,0.396610798736447,0.166,0.157,1,"RHOC","2","NS"
0.285435853993156,0.500144982661977,0.138,0.13,1,"TMEM147","2","NS"
0.289872989469322,0.403572851841589,0.18,0.172,1,"ATRAID","2","NS"
0.291413028204711,0.592668540117063,0.105,0.096,1,"LARP7","2","NS"
0.304887471613969,0.475503347460449,0.124,0.116,1,"TSC22D1","2","NS"
0.305185598304235,0.450850656520163,0.138,0.13,1,"HNRNPAB","2","NS"
0.311186593477396,0.556170326107362,0.103,0.095,1,"ANP32A","2","NS"
0.321080661835507,0.446187848952824,0.174,0.168,1,"SYF2","2","NS"
0.331886735180731,0.649178743815298,0.109,0.102,1,"SH3GLB1","2","NS"
0.339063262691598,0.283535100600558,0.094,0.107,1,"HINT2","2","NS"
0.343691371121942,0.637530862799231,0.146,0.141,1,"UBXN4","2","NS"
0.350653923291266,0.274972617623615,0.14,0.158,1,"EIF6","2","NS"
0.356464238945201,0.308749751610847,0.118,0.109,1,"PAICS","2","NS"
0.35792784681493,0.49295628754886,0.101,0.094,1,"ACADVL","2","NS"
0.3623138451225,0.536538332807673,0.118,0.112,1,"GDI2","2","NS"
0.369366467141001,0.373559460937106,0.175,0.169,1,"SPTSSA","2","NS"
0.390447620382437,0.370491720210392,0.18,0.176,1,"PSIP1","2","NS"
0.399967246154212,0.69300108760411,0.115,0.11,1,"ASAH1","2","NS"
0.408546957992162,0.677108335570026,0.11,0.104,1,"ANXA1","2","NS"
0.410805568466375,0.351481373856071,0.187,0.183,1,"LAPTM4A","2","NS"
0.417128145227268,0.314482849900053,0.101,0.113,1,"DMAC1","2","NS"
0.417497269827062,0.393303619435512,0.109,0.102,1,"ZRANB2","2","NS"
0.423591562614419,0.286876827965824,0.138,0.132,1,"ID2","2","NS"
0.436852975078937,0.324683793523571,0.171,0.166,1,"TMCO1","2","NS"
0.490768155274193,0.367970683213795,0.184,0.182,1,"PDAP1","2","NS"
0.505140797071441,0.415088915740031,0.13,0.126,1,"RSRC2","2","NS"
0.523154504115704,0.330953758102356,0.153,0.149,1,"SNX6","2","NS"
0.524694494053955,0.290440110494093,0.114,0.109,1,"ANXA4","2","NS"
0.549381762998836,0.43261982063121,0.151,0.149,1,"CAPZB","2","NS"
0.557179053402795,0.475347476452681,0.116,0.113,1,"SELENOS","2","NS"
0.55845853015555,0.253473095296801,0.262,0.266,1,"GADD45GIP1","2","NS"
0.579793135340596,0.292808786772657,0.102,0.111,1,"SSBP4","2","NS"
0.582344055236141,0.323455822704427,0.101,0.097,1,"RBM17","2","NS"
0.582511681239638,0.316394454042877,0.116,0.112,1,"CSNK1A1","2","NS"
0.586225436755121,0.409618216100239,0.111,0.108,1,"PLAAT3","2","NS"
0.59324429112437,0.444170764557412,0.102,0.099,1,"SNX2","2","NS"
0.594176490053613,0.343365872840841,0.104,0.101,1,"SF3B1","2","NS"
0.598518741193307,0.549884812206788,0.114,0.112,1,"TAF7","2","NS"
0.599511629211544,0.472229974914814,0.108,0.105,1,"CNTNAP2","2","NS"
0.606896123329809,0.306023406002944,0.092,0.1,1,"TMEM9","2","NS"
0.629613913392205,0.282142407689639,0.145,0.142,1,"HSPA9","2","NS"
0.630418882431405,0.260779958305734,0.119,0.128,1,"KIF5B","2","NS"
0.637538145237236,0.288092423741985,0.108,0.104,1,"QPRT","2","NS"
0.6822266631079,0.409885939801019,0.187,0.19,1,"ALKBH7","2","NS"
0.692447645442551,0.298282527968213,0.124,0.122,1,"TCEAL3","2","NS"
0.710637594504398,0.430467647046614,0.125,0.125,1,"TMEM219","2","NS"
0.722493584852252,0.31267471169635,0.117,0.116,1,"DNAJA2","2","NS"
0.742517583840703,0.311264550417019,0.102,0.108,1,"HDGF","2","NS"
0.74393013138095,0.276718592716414,0.119,0.117,1,"MRPL17","2","NS"
0.784391553106896,0.41116432053683,0.104,0.104,1,"YY1","2","NS"
0.794428034772968,0.422164874167478,0.111,0.118,1,"TRAPPC3","2","NS"
0.799802724957171,0.289115530385959,0.151,0.152,1,"SELENOF","2","NS"
0.814591197336063,0.306772291714811,0.131,0.138,1,"RDX","2","NS"
0.816264665951516,0.384138134979747,0.107,0.107,1,"ZNF593","2","NS"
0.822494977879492,0.30971632642513,0.166,0.176,1,"BNIP3L","2","NS"
0.83992203889661,0.346802316672678,0.136,0.143,1,"NARS","2","NS"
0.845591631574647,0.355325129696854,0.117,0.117,1,"REX1BD","2","NS"
0.846238624062583,0.319631234282585,0.107,0.112,1,"HERPUD1","2","NS"
0.846844720637635,0.401002562390681,0.116,0.117,1,"PPM1G","2","NS"
0.85939931147098,0.252455207371068,0.222,0.23,1,"DNAJC8","2","NS"
0.872493970135109,0.312396014858436,0.149,0.152,1,"PAPOLA","2","NS"
0.890610899712427,0.336623942310354,0.152,0.156,1,"CD59","2","NS"
0.911791568705232,0.444879079518682,0.133,0.137,1,"ARL1","2","NS"
0.912864452175595,0.324433704058669,0.215,0.225,1,"CCT3","2","NS"
0.916522693415598,0.26135989569726,0.106,0.107,1,"REXO2","2","NS"
0.958070824859697,0.256401904775863,0.101,0.102,1,"MTIF3","2","NS"
0.964750127577502,0.291447078085089,0.137,0.143,1,"PLD3","2","NS"
0.976015948052209,0.331444611643577,0.122,0.126,1,"DPCD","2","NS"
